provider,instance_id,instance_family,instance_type,vcpus,memory_gib,region,zone,price_per_hour,spot_price_per_hour,gpu_model,gpu_count
AWS,m5d.12xlarge,m5d,m5d.12xlarge,48,192.0,us-east-1,,2.712,1.17824,,
AWS,m7a.8xlarge,m7a,m7a.8xlarge,32,128.0,us-east-1,,1.85472,0.71488,,
AWS,r7a.32xlarge,r7a,r7a.32xlarge,128,1024.0,us-east-1,,9.7376,2.20942,,
AWS,r7a.8xlarge,r7a,r7a.8xlarge,32,256.0,us-east-1,,2.4344,0.64804,,
AWS,c7a.large,c7a,c7a.large,2,4.0,us-east-1,,0.10264,0.0428,,
AWS,m5a.12xlarge,m5a,m5a.12xlarge,48,192.0,us-east-1,,2.064,0.73862,,
AWS,m6in.xlarge,m6in,m6in.xlarge,4,16.0,us-east-1,,0.27846,0.12290000000000001,,
AWS,r6idn.24xlarge,r6idn,r6idn.24xlarge,96,768.0,us-east-1,,9.37872,2.73054,,
AWS,r7g.metal,r7g,r7g.metal,64,512.0,us-east-1,,3.4272,0.84496,,
AWS,r5n.metal,r5n,r5n.metal,96,768.0,us-east-1,,7.152,1.16042,,
AWS,r7a.16xlarge,r7a,r7a.16xlarge,64,512.0,us-east-1,,4.8688,1.25242,,
AWS,m1.small,m1,m1.small,1,1.69921875,us-east-1,,0.044,0.0106,,
AWS,c6in.xlarge,c6in,c6in.xlarge,4,8.0,us-east-1,,0.2268,0.09584000000000001,,
AWS,t4g.large,t4g,t4g.large,2,8.0,us-east-1,,0.0672,0.018520000000000002,,
AWS,r5a.xlarge,r5a,r5a.xlarge,4,32.0,us-east-1,,0.226,0.08346,,
AWS,x8g.48xlarge,x8g,x8g.48xlarge,192,3072.0,us-east-1,,18.7584,9.110133333333334,,
AWS,r5.2xlarge,r5,r5.2xlarge,8,64.0,us-east-1,,0.504,0.19922,,
AWS,r6id.24xlarge,r6id,r6id.24xlarge,96,768.0,us-east-1,,7.2576,2.75764,,
AWS,r5b.large,r5b,r5b.large,2,16.0,us-east-1,,0.149,0.0467,,
AWS,m6idn.12xlarge,m6idn,m6idn.12xlarge,48,192.0,us-east-1,,3.81888,1.3587799999999999,,
AWS,t2.2xlarge,t2,t2.2xlarge,8,32.0,us-east-1,,0.3712,0.09908333333333334,,
AWS,c7i-flex.4xlarge,c7i-flex,c7i-flex.4xlarge,16,32.0,us-east-1,,0.6783,0.24287999999999998,,
AWS,c6a.32xlarge,c6a,c6a.32xlarge,128,256.0,us-east-1,,4.896,1.33152,,
AWS,m6i.xlarge,m6i,m6i.xlarge,4,16.0,us-east-1,,0.192,0.07132,,
AWS,m6i.2xlarge,m6i,m6i.2xlarge,8,32.0,us-east-1,,0.384,0.1457,,
AWS,m7a.16xlarge,m7a,m7a.16xlarge,64,256.0,us-east-1,,3.70944,1.3760999999999999,,
AWS,m6idn.large,m6idn,m6idn.large,2,8.0,us-east-1,,0.15912,0.057679999999999995,,
AWS,m6in.12xlarge,m6in,m6in.12xlarge,48,192.0,us-east-1,,3.34152,1.48734,,
AWS,c5.xlarge,c5,c5.xlarge,4,8.0,us-east-1,,0.17,0.07515999999999999,,
AWS,c8g.2xlarge,c8g,c8g.2xlarge,8,16.0,us-east-1,,0.31904,0.11164,,
AWS,r8g.24xlarge,r8g,r8g.24xlarge,96,768.0,us-east-1,,5.65536,1.45038,,
AWS,m5ad.12xlarge,m5ad,m5ad.12xlarge,48,192.0,us-east-1,,2.472,1.20848,,
AWS,c4.2xlarge,c4,c4.2xlarge,8,15.0,us-east-1,,0.398,0.17165,,
AWS,c7gd.4xlarge,c7gd,c7gd.4xlarge,16,32.0,us-east-1,,0.7258,0.2509,,
AWS,p5.48xlarge,p5,p5.48xlarge,192,2048.0,us-east-1,,98.32,20.403383333333334,H100,8.0
AWS,i8g.8xlarge,i8g,i8g.8xlarge,32,256.0,us-east-1,,2.7456,0.7300333333333334,,
AWS,c5ad.12xlarge,c5ad,c5ad.12xlarge,48,96.0,us-east-1,,2.064,0.78002,,
AWS,r7a.24xlarge,r7a,r7a.24xlarge,96,768.0,us-east-1,,7.3032,2.20376,,
AWS,g3.16xlarge,g3,g3.16xlarge,64,488.0,us-east-1,,4.56,1.105925,,
AWS,c6i.12xlarge,c6i,c6i.12xlarge,48,96.0,us-east-1,,2.04,0.6325200000000001,,
AWS,u7in-32tb.224xlarge,u7in-32tb,u7in-32tb.224xlarge,896,32768.0,us-east-1,,407.68,,,
AWS,c7gd.large,c7gd,c7gd.large,2,4.0,us-east-1,,0.0907,0.03784,,
AWS,d3.8xlarge,d3,d3.8xlarge,32,256.0,us-east-1,,3.99552,1.3624749999999999,,
AWS,i4g.xlarge,i4g,i4g.xlarge,4,32.0,us-east-1,,0.30888,0.10988,,
AWS,t3a.nano,t3a,t3a.nano,2,0.5,us-east-1,,0.0047,0.0019,,
AWS,m6a.large,m6a,m6a.large,2,8.0,us-east-1,,0.0864,0.03258,,
AWS,cr1.8xlarge,cr1,cr1.8xlarge,32,244.0,us-east-1,,3.5,,,
AWS,m7gd.8xlarge,m7gd,m7gd.8xlarge,32,128.0,us-east-1,,1.7086,0.69228,,
AWS,m6gd.metal,m6gd,m6gd.metal,64,256.0,us-east-1,,2.8928,0.41208,,
AWS,u-6tb1.56xlarge,u-6tb1,u-6tb1.56xlarge,224,6144.0,us-east-1,,46.40391,,,
AWS,g6e.4xlarge,g6e,g6e.4xlarge,16,128.0,us-east-1,,3.00424,1.2648000000000001,L40S,1.0
AWS,d3.xlarge,d3,d3.xlarge,4,32.0,us-east-1,,0.499,0.127825,,
AWS,z1d.large,z1d,z1d.large,2,16.0,us-east-1,,0.186,0.05144,,
AWS,m4.4xlarge,m4,m4.4xlarge,16,64.0,us-east-1,,0.8,0.29375,,
AWS,r6idn.2xlarge,r6idn,r6idn.2xlarge,8,64.0,us-east-1,,0.78156,0.43506,,
AWS,m7gd.xlarge,m7gd,m7gd.xlarge,4,16.0,us-east-1,,0.2136,0.10262,,
AWS,c8g.16xlarge,c8g,c8g.16xlarge,64,128.0,us-east-1,,2.55232,0.8392799999999999,,
AWS,r5d.metal,r5d,r5d.metal,96,768.0,us-east-1,,6.912,1.9149999999999998,,
AWS,i3.4xlarge,i3,i3.4xlarge,16,122.0,us-east-1,,1.248,0.5499833333333334,,
AWS,a1.xlarge,a1,a1.xlarge,4,8.0,us-east-1,,0.102,0.102,,
AWS,m8g.4xlarge,m8g,m8g.4xlarge,16,64.0,us-east-1,,0.71808,0.272775,,
AWS,c7a.48xlarge,c7a,c7a.48xlarge,192,384.0,us-east-1,,9.85344,2.90368,,
AWS,i4i.32xlarge,i4i,i4i.32xlarge,128,1024.0,us-east-1,,10.9824,3.55436,,
AWS,m4.xlarge,m4,m4.xlarge,4,16.0,us-east-1,,0.2,0.08653333333333334,,
AWS,m6idn.32xlarge,m6idn,m6idn.32xlarge,128,512.0,us-east-1,,10.18368,4.05736,,
AWS,c6gn.12xlarge,c6gn,c6gn.12xlarge,48,96.0,us-east-1,,2.0736,0.4835999999999999,,
AWS,g2.2xlarge,g2,g2.2xlarge,8,15.0,us-east-1,,0.65,,,
AWS,c5a.large,c5a,c5a.large,2,4.0,us-east-1,,0.077,0.02752,,
AWS,m5n.2xlarge,m5n,m5n.2xlarge,8,32.0,us-east-1,,0.476,0.37673999999999996,,
AWS,g4ad.16xlarge,g4ad,g4ad.16xlarge,64,256.0,us-east-1,,3.468,1.505275,Radeon Pro V520,4.0
AWS,c4.large,c4,c4.large,2,3.75,us-east-1,,0.1,0.03886666666666667,,
AWS,g5g.xlarge,g5g,g5g.xlarge,4,8.0,us-east-1,,0.42,0.1173,T4g,1.0
AWS,i7ie.12xlarge,i7ie,i7ie.12xlarge,48,384.0,us-east-1,,6.2376,2.6593,,
AWS,c5.9xlarge,c5,c5.9xlarge,36,72.0,us-east-1,,1.53,0.57458,,
AWS,r5d.24xlarge,r5d,r5d.24xlarge,96,768.0,us-east-1,,6.912,2.21616,,
AWS,r6id.8xlarge,r6id,r6id.8xlarge,32,256.0,us-east-1,,2.4192,0.9189999999999999,,
AWS,g5.4xlarge,g5,g5.4xlarge,16,64.0,us-east-1,,1.624,0.65618,A10G,1.0
AWS,c4.xlarge,c4,c4.xlarge,4,7.5,us-east-1,,0.199,0.07083333333333333,,
AWS,r6idn.large,r6idn,r6idn.large,2,16.0,us-east-1,,0.19539,0.060340000000000005,,
AWS,r7g.xlarge,r7g,r7g.xlarge,4,32.0,us-east-1,,0.2142,0.06322,,
AWS,h1.4xlarge,h1,h1.4xlarge,16,64.0,us-east-1,,0.936,0.33815,,
AWS,m5d.metal,m5d,m5d.metal,96,384.0,us-east-1,,5.424,1.37574,,
AWS,r6i.xlarge,r6i,r6i.xlarge,4,32.0,us-east-1,,0.252,0.09688,,
AWS,c7gd.2xlarge,c7gd,c7gd.2xlarge,8,16.0,us-east-1,,0.3629,0.13142,,
AWS,u7i-6tb.112xlarge,u7i-6tb,u7i-6tb.112xlarge,448,6144.0,us-east-1,,62.79,,,
AWS,m7a.12xlarge,m7a,m7a.12xlarge,48,192.0,us-east-1,,2.78208,0.8542,,
AWS,r3.8xlarge,r3,r3.8xlarge,32,244.0,us-east-1,,2.66,0.8804000000000001,,
AWS,c7i.large,c7i,c7i.large,2,4.0,us-east-1,,0.08925,0.033960000000000004,,
AWS,m6gd.4xlarge,m6gd,m6gd.4xlarge,16,64.0,us-east-1,,0.7232,0.34638,,
AWS,c7a.16xlarge,c7a,c7a.16xlarge,64,128.0,us-east-1,,3.28448,1.1785,,
AWS,r7g.2xlarge,r7g,r7g.2xlarge,8,64.0,us-east-1,,0.4284,0.15209999999999999,,
AWS,c7gn.2xlarge,c7gn,c7gn.2xlarge,8,16.0,us-east-1,,0.4992,0.10602,,
AWS,x2gd.4xlarge,x2gd,x2gd.4xlarge,16,256.0,us-east-1,,1.336,0.5011599999999999,,
AWS,m5zn.6xlarge,m5zn,m5zn.6xlarge,24,96.0,us-east-1,,1.982,0.96584,,
AWS,r5dn.24xlarge,r5dn,r5dn.24xlarge,96,768.0,us-east-1,,8.016,2.4375,,
AWS,p2.xlarge,p2,p2.xlarge,4,61.0,us-east-1,,0.9,0.28172,K80,1.0
AWS,m7a.2xlarge,m7a,m7a.2xlarge,8,32.0,us-east-1,,0.46368,0.18924,,
AWS,i8g.xlarge,i8g,i8g.xlarge,4,32.0,us-east-1,,0.3432,0.0964,,
AWS,c6id.12xlarge,c6id,c6id.12xlarge,48,96.0,us-east-1,,2.4192,0.75712,,
AWS,m6a.8xlarge,m6a,m6a.8xlarge,32,128.0,us-east-1,,1.3824,0.5203,,
AWS,hpc7g.4xlarge,hpc7g,hpc7g.4xlarge,16,128.0,us-east-1,,1.6832,,,
AWS,c7a.xlarge,c7a,c7a.xlarge,4,8.0,us-east-1,,0.20528,0.09234,,
AWS,u7in-16tb.224xlarge,u7in-16tb,u7in-16tb.224xlarge,896,16384.0,us-east-1,,203.84,,,
AWS,m5.xlarge,m5,m5.xlarge,4,16.0,us-east-1,,0.192,0.06402,,
AWS,t4g.2xlarge,t4g,t4g.2xlarge,8,32.0,us-east-1,,0.2688,0.11135999999999999,,
AWS,c8g.8xlarge,c8g,c8g.8xlarge,32,64.0,us-east-1,,1.27616,0.5353600000000001,,
AWS,m7i-flex.4xlarge,m7i-flex,m7i-flex.4xlarge,16,64.0,us-east-1,,0.76608,0.29468,,
AWS,r6a.8xlarge,r6a,r6a.8xlarge,32,256.0,us-east-1,,1.8144,0.51536,,
AWS,d3en.2xlarge,d3en,d3en.2xlarge,8,32.0,us-east-1,,1.051,0.350875,,
AWS,i2.xlarge,i2,i2.xlarge,4,30.5,us-east-1,,0.853,0.13566,,
AWS,m7g.16xlarge,m7g,m7g.16xlarge,64,256.0,us-east-1,,2.6112,0.84886,,
AWS,c6gn.16xlarge,c6gn,c6gn.16xlarge,64,128.0,us-east-1,,2.7648,0.45402000000000003,,
AWS,r5n.2xlarge,r5n,r5n.2xlarge,8,64.0,us-east-1,,0.596,0.32965999999999995,,
AWS,im4gn.2xlarge,im4gn,im4gn.2xlarge,8,32.0,us-east-1,,0.72758,0.138,,
AWS,g3s.xlarge,g3s,g3s.xlarge,4,30.5,us-east-1,,0.75,0.4238,,
AWS,r5dn.12xlarge,r5dn,r5dn.12xlarge,48,384.0,us-east-1,,4.008,1.54616,,
AWS,r8g.metal-48xl,r8g,r8g.metal-48xl,192,1536.0,us-east-1,,11.31072,2.1035600000000003,,
AWS,g6.24xlarge,g6,g6.24xlarge,96,384.0,us-east-1,,6.6752,2.990675,L4,4.0
AWS,g6.12xlarge,g6,g6.12xlarge,48,192.0,us-east-1,,4.6016,2.0429250000000003,L4,4.0
AWS,m5zn.12xlarge,m5zn,m5zn.12xlarge,48,192.0,us-east-1,,3.9641,1.5844200000000002,,
AWS,i4g.8xlarge,i4g,i4g.8xlarge,32,256.0,us-east-1,,2.47104,0.94162,,
AWS,t1.micro,t1,t1.micro,1,0.6123046875,us-east-1,,0.02,0.00238,,
AWS,c6i.8xlarge,c6i,c6i.8xlarge,32,64.0,us-east-1,,1.36,0.5272399999999999,,
AWS,r6i.metal,r6i,r6i.metal,128,1024.0,us-east-1,,8.064,2.26574,,
AWS,r7iz.xlarge,r7iz,r7iz.xlarge,4,32.0,us-east-1,,0.372,0.13413999999999998,,
AWS,x2iezn.12xlarge,x2iezn,x2iezn.12xlarge,48,1536.0,us-east-1,,10.008,2.982666666666667,,
AWS,p3.2xlarge,p3,p3.2xlarge,8,61.0,us-east-1,,3.06,0.774725,V100,1.0
AWS,i7ie.3xlarge,i7ie,i7ie.3xlarge,12,96.0,us-east-1,,1.5594,0.55678,,
AWS,m5.large,m5,m5.large,2,8.0,us-east-1,,0.096,0.033600000000000005,,
AWS,hpc7g.8xlarge,hpc7g,hpc7g.8xlarge,32,128.0,us-east-1,,1.6832,,,
AWS,r7g.16xlarge,r7g,r7g.16xlarge,64,512.0,us-east-1,,3.4272,0.8680199999999999,,
AWS,c6id.4xlarge,c6id,c6id.4xlarge,16,32.0,us-east-1,,0.8064,0.33628,,
AWS,z1d.3xlarge,z1d,z1d.3xlarge,12,96.0,us-east-1,,1.116,0.37573999999999996,,
AWS,m8g.metal-48xl,m8g,m8g.metal-48xl,192,768.0,us-east-1,,8.61696,4.7064,,
AWS,m5n.24xlarge,m5n,m5n.24xlarge,96,384.0,us-east-1,,5.712,2.21334,,
AWS,r5.8xlarge,r5,r5.8xlarge,32,256.0,us-east-1,,2.016,0.58476,,
AWS,c6g.2xlarge,c6g,c6g.2xlarge,8,16.0,us-east-1,,0.272,0.08578,,
AWS,c6id.32xlarge,c6id,c6id.32xlarge,128,256.0,us-east-1,,6.4512,1.75322,,
AWS,c7g.8xlarge,c7g,c7g.8xlarge,32,64.0,us-east-1,,1.16,0.31867999999999996,,
AWS,c7g.4xlarge,c7g,c7g.4xlarge,16,32.0,us-east-1,,0.58,0.17643999999999999,,
AWS,c7a.8xlarge,c7a,c7a.8xlarge,32,64.0,us-east-1,,1.64224,0.629,,
AWS,c5ad.24xlarge,c5ad,c5ad.24xlarge,96,192.0,us-east-1,,4.128,1.45278,,
AWS,r6gd.4xlarge,r6gd,r6gd.4xlarge,16,128.0,us-east-1,,0.9216,0.33788,,
AWS,r6idn.12xlarge,r6idn,r6idn.12xlarge,48,384.0,us-east-1,,4.68936,1.76512,,
AWS,c6gd.4xlarge,c6gd,c6gd.4xlarge,16,32.0,us-east-1,,0.6144,0.22523999999999997,,
AWS,g4ad.8xlarge,g4ad,g4ad.8xlarge,32,128.0,us-east-1,,1.734,0.724625,Radeon Pro V520,2.0
AWS,c5a.8xlarge,c5a,c5a.8xlarge,32,64.0,us-east-1,,1.232,0.46046,,
AWS,r6in.metal,r6in,r6in.metal,128,1024.0,us-east-1,,11.15712,1.6078,,
AWS,c1.xlarge,c1,c1.xlarge,8,7.0,us-east-1,,0.52,0.188075,,
AWS,m7g.12xlarge,m7g,m7g.12xlarge,48,192.0,us-east-1,,1.9584,0.674,,
AWS,c5.large,c5,c5.large,2,4.0,us-east-1,,0.085,0.03608,,
AWS,t4g.micro,t4g,t4g.micro,2,1.0,us-east-1,,0.0084,0.00332,,
AWS,m5d.large,m5d,m5d.large,2,8.0,us-east-1,,0.113,0.045840000000000006,,
AWS,c6in.12xlarge,c6in,c6in.12xlarge,48,96.0,us-east-1,,2.7216,1.0322,,
AWS,c5d.12xlarge,c5d,c5d.12xlarge,48,96.0,us-east-1,,2.304,0.7464666666666666,,
AWS,m6id.16xlarge,m6id,m6id.16xlarge,64,256.0,us-east-1,,3.7968,1.2328199999999998,,
AWS,c6i.24xlarge,c6i,c6i.24xlarge,96,192.0,us-east-1,,4.08,1.1516600000000001,,
AWS,m6a.2xlarge,m6a,m6a.2xlarge,8,32.0,us-east-1,,0.3456,0.17526000000000003,,
AWS,m6in.8xlarge,m6in,m6in.8xlarge,32,128.0,us-east-1,,2.22768,1.01578,,
AWS,r5n.8xlarge,r5n,r5n.8xlarge,32,256.0,us-east-1,,2.384,0.71782,,
AWS,g5.16xlarge,g5,g5.16xlarge,64,256.0,us-east-1,,4.096,1.45552,A10G,1.0
AWS,g5.xlarge,g5,g5.xlarge,4,16.0,us-east-1,,1.006,0.34634,A10G,1.0
AWS,r5dn.xlarge,r5dn,r5dn.xlarge,4,32.0,us-east-1,,0.334,0.15294000000000002,,
AWS,i8g.large,i8g,i8g.large,2,16.0,us-east-1,,0.1716,0.0557,,
AWS,c6a.2xlarge,c6a,c6a.2xlarge,8,16.0,us-east-1,,0.306,0.11686,,
AWS,u7i-12tb.224xlarge,u7i-12tb,u7i-12tb.224xlarge,896,12288.0,us-east-1,,152.88,,,
AWS,r5d.xlarge,r5d,r5d.xlarge,4,32.0,us-east-1,,0.288,0.14798,,
AWS,z1d.12xlarge,z1d,z1d.12xlarge,48,384.0,us-east-1,,4.464,1.6671799999999997,,
AWS,x8g.large,x8g,x8g.large,2,32.0,us-east-1,,0.1954,0.056433333333333335,,
AWS,r7iz.large,r7iz,r7iz.large,2,16.0,us-east-1,,0.186,0.04468,,
AWS,m7i.12xlarge,m7i,m7i.12xlarge,48,192.0,us-east-1,,2.4192,0.79162,,
AWS,inf2.48xlarge,inf2,inf2.48xlarge,192,768.0,us-east-1,,12.98127,1.684,,
AWS,r6in.16xlarge,r6in,r6in.16xlarge,64,512.0,us-east-1,,5.57856,1.72136,,
AWS,r6i.large,r6i,r6i.large,2,16.0,us-east-1,,0.126,0.04398,,
AWS,r6g.medium,r6g,r6g.medium,1,8.0,us-east-1,,0.0504,0.02198,,
AWS,r7g.4xlarge,r7g,r7g.4xlarge,16,128.0,us-east-1,,0.8568,0.3009,,
AWS,r5.metal,r5,r5.metal,96,768.0,us-east-1,,6.048,1.40484,,
AWS,r5a.16xlarge,r5a,r5a.16xlarge,64,512.0,us-east-1,,3.616,0.9935,,
AWS,g5g.8xlarge,g5g,g5g.8xlarge,32,64.0,us-east-1,,1.372,0.6149,T4g,1.0
AWS,c7i.8xlarge,c7i,c7i.8xlarge,32,64.0,us-east-1,,1.428,0.54562,,
AWS,c6id.large,c6id,c6id.large,2,4.0,us-east-1,,0.1008,0.036,,
AWS,g4dn.xlarge,g4dn,g4dn.xlarge,4,16.0,us-east-1,,0.526,0.17264,T4,1.0
AWS,r6gd.metal,r6gd,r6gd.metal,64,512.0,us-east-1,,3.6864,0.9350200000000001,,
AWS,x1e.32xlarge,x1e,x1e.32xlarge,128,3904.0,us-east-1,,26.688,3.305575,,
AWS,m5ad.8xlarge,m5ad,m5ad.8xlarge,32,128.0,us-east-1,,1.648,0.9279399999999999,,
AWS,r7iz.8xlarge,r7iz,r7iz.8xlarge,32,256.0,us-east-1,,2.976,0.9311399999999999,,
AWS,c7gd.metal,c7gd,c7gd.metal,64,128.0,us-east-1,,2.903,0.92262,,
AWS,c6id.xlarge,c6id,c6id.xlarge,4,8.0,us-east-1,,0.2016,0.0814,,
AWS,m6g.2xlarge,m6g,m6g.2xlarge,8,32.0,us-east-1,,0.308,0.11728000000000001,,
AWS,m7i-flex.12xlarge,m7i-flex,m7i-flex.12xlarge,48,192.0,us-east-1,,2.29824,0.832675,,
AWS,i4g.2xlarge,i4g,i4g.2xlarge,8,64.0,us-east-1,,0.61776,0.16962000000000002,,
AWS,x1e.16xlarge,x1e,x1e.16xlarge,64,1952.0,us-east-1,,13.344,2.683525,,
AWS,c6in.2xlarge,c6in,c6in.2xlarge,8,16.0,us-east-1,,0.4536,0.22866,,
AWS,t3a.small,t3a,t3a.small,2,2.0,us-east-1,,0.0188,0.00648,,
AWS,c6gn.4xlarge,c6gn,c6gn.4xlarge,16,32.0,us-east-1,,0.6912,0.19538,,
AWS,r7i.2xlarge,r7i,r7i.2xlarge,8,64.0,us-east-1,,0.5292,0.20834000000000003,,
AWS,i3.metal,i3,i3.metal,72,512.0,us-east-1,,4.992,0.9791599999999999,,
AWS,r5b.24xlarge,r5b,r5b.24xlarge,96,768.0,us-east-1,,7.152,3.324925,,
AWS,m6i.8xlarge,m6i,m6i.8xlarge,32,128.0,us-east-1,,1.536,0.44914000000000004,,
AWS,r6in.32xlarge,r6in,r6in.32xlarge,128,1024.0,us-east-1,,11.15712,3.3022400000000003,,
AWS,x1.32xlarge,x1,x1.32xlarge,128,1952.0,us-east-1,,13.338,2.6199333333333334,,
AWS,im4gn.16xlarge,im4gn,im4gn.16xlarge,64,256.0,us-east-1,,5.82067,1.0237500000000002,,
AWS,c5d.2xlarge,c5d,c5d.2xlarge,8,16.0,us-east-1,,0.384,0.1719,,
AWS,m5n.metal,m5n,m5n.metal,96,384.0,us-east-1,,5.712,1.6774,,
AWS,r6g.12xlarge,r6g,r6g.12xlarge,48,384.0,us-east-1,,2.4192,0.60638,,
AWS,m4.large,m4,m4.large,2,8.0,us-east-1,,0.1,0.042199999999999994,,
AWS,c6a.metal,c6a,c6a.metal,192,384.0,us-east-1,,7.344,1.9798000000000002,,
AWS,i8g.metal-24xl,i8g,i8g.metal-24xl,96,768.0,us-east-1,,8.2368,2.088033333333333,,
AWS,m6id.xlarge,m6id,m6id.xlarge,4,16.0,us-east-1,,0.2373,0.08360000000000001,,
AWS,m5a.xlarge,m5a,m5a.xlarge,4,16.0,us-east-1,,0.172,0.07254000000000001,,
AWS,r6id.12xlarge,r6id,r6id.12xlarge,48,384.0,us-east-1,,3.6288,1.41652,,
AWS,f2.48xlarge,f2,f2.48xlarge,192,2048.0,us-east-1,,15.84,2.1133,,
AWS,m7g.2xlarge,m7g,m7g.2xlarge,8,32.0,us-east-1,,0.3264,0.12669999999999998,,
AWS,r5n.16xlarge,r5n,r5n.16xlarge,64,512.0,us-east-1,,4.768,1.41542,,
AWS,m7i.2xlarge,m7i,m7i.2xlarge,8,32.0,us-east-1,,0.4032,0.18456,,
AWS,m7i.metal-24xl,m7i,m7i.metal-24xl,96,384.0,us-east-1,,4.8384,1.22606,,
AWS,c7g.large,c7g,c7g.large,2,4.0,us-east-1,,0.0725,0.03494,,
AWS,f1.4xlarge,f1,f1.4xlarge,16,244.0,us-east-1,,3.3,1.3600999999999999,,
AWS,vt1.3xlarge,vt1,vt1.3xlarge,12,24.0,us-east-1,,0.65,0.2656,,
AWS,r5dn.large,r5dn,r5dn.large,2,16.0,us-east-1,,0.167,0.047799999999999995,,
AWS,x2idn.metal,x2idn,x2idn.metal,128,2048.0,us-east-1,,13.338,2.46956,,
AWS,c7gd.16xlarge,c7gd,c7gd.16xlarge,64,128.0,us-east-1,,2.903,0.66352,,
AWS,c4.8xlarge,c4,c4.8xlarge,36,60.0,us-east-1,,1.591,0.5164333333333334,,
AWS,t4g.small,t4g,t4g.small,2,2.0,us-east-1,,0.0168,0.0081,,
AWS,c6gd.8xlarge,c6gd,c6gd.8xlarge,32,64.0,us-east-1,,1.2288,0.32166,,
AWS,u7i-8tb.112xlarge,u7i-8tb,u7i-8tb.112xlarge,448,8192.0,us-east-1,,83.72,,,
AWS,r5ad.12xlarge,r5ad,r5ad.12xlarge,48,384.0,us-east-1,,3.144,1.2891,,
AWS,r6a.4xlarge,r6a,r6a.4xlarge,16,128.0,us-east-1,,0.9072,0.42858,,
AWS,r6in.12xlarge,r6in,r6in.12xlarge,48,384.0,us-east-1,,4.18392,1.4564,,
AWS,r7iz.12xlarge,r7iz,r7iz.12xlarge,48,384.0,us-east-1,,4.464,1.5889,,
AWS,m5d.xlarge,m5d,m5d.xlarge,4,16.0,us-east-1,,0.226,0.10968,,
AWS,r6i.32xlarge,r6i,r6i.32xlarge,128,1024.0,us-east-1,,8.064,2.3990400000000003,,
AWS,r7i.16xlarge,r7i,r7i.16xlarge,64,512.0,us-east-1,,4.2336,1.2083,,
AWS,r5.12xlarge,r5,r5.12xlarge,48,384.0,us-east-1,,3.024,0.8825200000000001,,
AWS,g6e.24xlarge,g6e,g6e.24xlarge,96,768.0,us-east-1,,15.06559,7.526575,L40S,4.0
AWS,d3.4xlarge,d3,d3.4xlarge,16,128.0,us-east-1,,1.998,0.737675,,
AWS,r5a.4xlarge,r5a,r5a.4xlarge,16,128.0,us-east-1,,0.904,0.41896000000000005,,
AWS,m6i.32xlarge,m6i,m6i.32xlarge,128,512.0,us-east-1,,6.144,1.71722,,
AWS,g4ad.4xlarge,g4ad,g4ad.4xlarge,16,64.0,us-east-1,,0.867,0.387825,Radeon Pro V520,1.0
AWS,p4de.24xlarge,p4de,p4de.24xlarge,96,1152.0,us-east-1,,40.96575,,,
AWS,c8g.24xlarge,c8g,c8g.24xlarge,96,192.0,us-east-1,,3.82848,0.85716,,
AWS,m6in.24xlarge,m6in,m6in.24xlarge,96,384.0,us-east-1,,6.68304,3.0914,,
AWS,g2.8xlarge,g2,g2.8xlarge,32,60.0,us-east-1,,2.6,,,
AWS,m3.xlarge,m3,m3.xlarge,4,15.0,us-east-1,,0.266,0.08125,,
AWS,m5zn.xlarge,m5zn,m5zn.xlarge,4,16.0,us-east-1,,0.3303,0.15416000000000002,,
AWS,c7i-flex.xlarge,c7i-flex,c7i-flex.xlarge,4,8.0,us-east-1,,0.16958,0.0622,,
AWS,a1.large,a1,a1.large,2,4.0,us-east-1,,0.051,0.051,,
AWS,c8g.metal-48xl,c8g,c8g.metal-48xl,192,384.0,us-east-1,,7.65696,1.76494,,
AWS,m5.12xlarge,m5,m5.12xlarge,48,192.0,us-east-1,,2.304,0.62896,,
AWS,r7gd.metal,r7gd,r7gd.metal,64,512.0,us-east-1,,4.3546,0.94138,,
AWS,c5a.2xlarge,c5a,c5a.2xlarge,8,16.0,us-east-1,,0.308,0.12930000000000003,,
AWS,t2.nano,t2,t2.nano,1,0.5,us-east-1,,0.0058,,,
AWS,c6i.16xlarge,c6i,c6i.16xlarge,64,128.0,us-east-1,,2.72,0.89316,,
AWS,c7gd.8xlarge,c7gd,c7gd.8xlarge,32,64.0,us-east-1,,1.4515,0.45386,,
AWS,m5n.8xlarge,m5n,m5n.8xlarge,32,128.0,us-east-1,,1.904,0.86026,,
AWS,c4.4xlarge,c4,c4.4xlarge,16,30.0,us-east-1,,0.796,0.3061,,
AWS,m3.medium,m3,m3.medium,1,3.75,us-east-1,,0.067,0.016175000000000002,,
AWS,is4gen.xlarge,is4gen,is4gen.xlarge,4,24.0,us-east-1,,0.5763,0.232725,,
AWS,r5ad.2xlarge,r5ad,r5ad.2xlarge,8,64.0,us-east-1,,0.524,0.27427999999999997,,
AWS,r5n.large,r5n,r5n.large,2,16.0,us-east-1,,0.149,0.051519999999999996,,
AWS,m8g.medium,m8g,m8g.medium,1,4.0,us-east-1,,0.04488,0.014525,,
AWS,c6a.large,c6a,c6a.large,2,4.0,us-east-1,,0.0765,0.0259,,
AWS,gr6.8xlarge,gr6,gr6.8xlarge,32,256.0,us-east-1,,2.4464,0.9765,L4,1.0
AWS,c3.4xlarge,c3,c3.4xlarge,16,30.0,us-east-1,,0.84,0.358475,,
AWS,m6i.large,m6i,m6i.large,2,8.0,us-east-1,,0.096,0.031180000000000003,,
AWS,c6g.metal,c6g,c6g.metal,64,128.0,us-east-1,,2.176,0.48518,,
AWS,m7a.24xlarge,m7a,m7a.24xlarge,96,384.0,us-east-1,,5.56416,1.6601,,
AWS,x8g.xlarge,x8g,x8g.xlarge,4,64.0,us-east-1,,0.3908,0.12173333333333335,,
AWS,x2iedn.24xlarge,x2iedn,x2iedn.24xlarge,96,3072.0,us-east-1,,20.007,5.17284,,
AWS,x2gd.12xlarge,x2gd,x2gd.12xlarge,48,768.0,us-east-1,,4.008,1.19042,,
AWS,r5b.metal,r5b,r5b.metal,96,768.0,us-east-1,,7.152,2.37115,,
AWS,r6a.16xlarge,r6a,r6a.16xlarge,64,512.0,us-east-1,,3.6288,1.0118800000000001,,
AWS,c6gn.8xlarge,c6gn,c6gn.8xlarge,32,64.0,us-east-1,,1.3824,0.38506,,
AWS,c6gd.12xlarge,c6gd,c6gd.12xlarge,48,96.0,us-east-1,,1.8432,0.3506,,
AWS,d3en.12xlarge,d3en,d3en.12xlarge,48,192.0,us-east-1,,6.30864,1.4461,,
AWS,c7i.48xlarge,c7i,c7i.48xlarge,192,384.0,us-east-1,,8.568,2.5655799999999997,,
AWS,c5d.18xlarge,c5d,c5d.18xlarge,72,144.0,us-east-1,,3.456,1.1177199999999998,,
AWS,c6in.8xlarge,c6in,c6in.8xlarge,32,64.0,us-east-1,,1.8144,0.76498,,
AWS,m7i-flex.xlarge,m7i-flex,m7i-flex.xlarge,4,16.0,us-east-1,,0.19152,0.06577999999999999,,
AWS,m7i.48xlarge,m7i,m7i.48xlarge,192,768.0,us-east-1,,9.6768,2.8627200000000004,,
AWS,c7a.2xlarge,c7a,c7a.2xlarge,8,16.0,us-east-1,,0.41056,0.18272,,
AWS,r6in.24xlarge,r6in,r6in.24xlarge,96,768.0,us-east-1,,8.36784,2.56922,,
AWS,g6e.16xlarge,g6e,g6e.16xlarge,64,512.0,us-east-1,,7.57719,2.88885,L40S,1.0
AWS,r6idn.8xlarge,r6idn,r6idn.8xlarge,32,256.0,us-east-1,,3.12624,1.0353400000000001,,
AWS,r7i.large,r7i,r7i.large,2,16.0,us-east-1,,0.1323,0.0439,,
AWS,x8g.4xlarge,x8g,x8g.4xlarge,16,256.0,us-east-1,,1.5632,0.5362666666666667,,
AWS,t3a.medium,t3a,t3a.medium,2,4.0,us-east-1,,0.0376,0.01144,,
AWS,r7a.large,r7a,r7a.large,2,16.0,us-east-1,,0.15215,0.054959999999999995,,
AWS,r7gd.medium,r7gd,r7gd.medium,1,8.0,us-east-1,,0.068,0.02092,,
AWS,r4.large,r4,r4.large,2,15.25,us-east-1,,0.133,0.04083333333333333,,
AWS,inf1.6xlarge,inf1,inf1.6xlarge,24,48.0,us-east-1,,1.18,0.5123,,
AWS,r5ad.16xlarge,r5ad,r5ad.16xlarge,64,512.0,us-east-1,,4.192,1.26572,,
AWS,m5zn.metal,m5zn,m5zn.metal,48,192.0,us-east-1,,3.9641,1.17012,,
AWS,d3en.xlarge,d3en,d3en.xlarge,4,16.0,us-east-1,,0.526,0.14225,,
AWS,r5dn.4xlarge,r5dn,r5dn.4xlarge,16,128.0,us-east-1,,1.336,0.5466200000000001,,
AWS,r5b.16xlarge,r5b,r5b.16xlarge,64,512.0,us-east-1,,4.768,2.302975,,
AWS,x8g.8xlarge,x8g,x8g.8xlarge,32,512.0,us-east-1,,3.1264,0.8925333333333333,,
AWS,r4.2xlarge,r4,r4.2xlarge,8,61.0,us-east-1,,0.532,0.24634999999999999,,
AWS,t3.micro,t3,t3.micro,2,1.0,us-east-1,,0.0104,0.00292,,
AWS,g5g.2xlarge,g5g,g5g.2xlarge,8,16.0,us-east-1,,0.556,0.215525,T4g,1.0
AWS,g5g.metal,g5g,g5g.metal,64,128.0,us-east-1,,2.744,0.4481,T4g,2.0
AWS,is4gen.large,is4gen,is4gen.large,2,12.0,us-east-1,,0.28815,0.115375,,
AWS,c7i.24xlarge,c7i,c7i.24xlarge,96,192.0,us-east-1,,4.284,1.34112,,
AWS,r6idn.4xlarge,r6idn,r6idn.4xlarge,16,128.0,us-east-1,,1.56312,0.6390399999999999,,
AWS,m8g.16xlarge,m8g,m8g.16xlarge,64,256.0,us-east-1,,2.87232,0.8774500000000001,,
AWS,m7a.xlarge,m7a,m7a.xlarge,4,16.0,us-east-1,,0.23184,0.08854,,
AWS,g4ad.2xlarge,g4ad,g4ad.2xlarge,8,32.0,us-east-1,,0.54117,0.22915,Radeon Pro V520,1.0
AWS,c7i.2xlarge,c7i,c7i.2xlarge,8,16.0,us-east-1,,0.357,0.126,,
AWS,i8g.24xlarge,i8g,i8g.24xlarge,96,768.0,us-east-1,,8.2368,2.005,,
AWS,t4g.xlarge,t4g,t4g.xlarge,4,16.0,us-east-1,,0.1344,0.05247999999999999,,
AWS,c5.24xlarge,c5,c5.24xlarge,96,192.0,us-east-1,,4.08,1.15594,,
AWS,r3.2xlarge,r3,r3.2xlarge,8,61.0,us-east-1,,0.665,0.24675000000000002,,
AWS,c6gd.16xlarge,c6gd,c6gd.16xlarge,64,128.0,us-east-1,,2.4576,0.45738,,
AWS,c7i.xlarge,c7i,c7i.xlarge,4,8.0,us-east-1,,0.1785,0.0637,,
AWS,c5d.xlarge,c5d,c5d.xlarge,4,8.0,us-east-1,,0.192,0.08549999999999999,,
AWS,x8g.metal-24xl,x8g,x8g.metal-24xl,96,1536.0,us-east-1,,9.3792,5.094566666666666,,
AWS,c5a.24xlarge,c5a,c5a.24xlarge,96,192.0,us-east-1,,3.696,1.20404,,
AWS,m6id.metal,m6id,m6id.metal,128,512.0,us-east-1,,7.5936,2.30146,,
AWS,x2iezn.4xlarge,x2iezn,x2iezn.4xlarge,16,512.0,us-east-1,,3.336,0.9332333333333334,,
AWS,m7i.8xlarge,m7i,m7i.8xlarge,32,128.0,us-east-1,,1.6128,0.55512,,
AWS,x8g.12xlarge,x8g,x8g.12xlarge,48,768.0,us-east-1,,4.6896,1.1956,,
AWS,c7i-flex.8xlarge,c7i-flex,c7i-flex.8xlarge,32,64.0,us-east-1,,1.3566,0.42076,,
AWS,t2.xlarge,t2,t2.xlarge,4,16.0,us-east-1,,0.1856,0.058633333333333336,,
AWS,i3en.24xlarge,i3en,i3en.24xlarge,96,768.0,us-east-1,,10.848,3.06028,,
AWS,t4g.nano,t4g,t4g.nano,2,0.5,us-east-1,,0.0042,0.00166,,
AWS,r5b.2xlarge,r5b,r5b.2xlarge,8,64.0,us-east-1,,0.596,0.329075,,
AWS,m5.4xlarge,m5,m5.4xlarge,16,64.0,us-east-1,,0.768,0.26982,,
AWS,r6in.xlarge,r6in,r6in.xlarge,4,32.0,us-east-1,,0.34866,0.11861999999999999,,
AWS,r7a.metal-48xl,r7a,r7a.metal-48xl,192,1536.0,us-east-1,,14.6064,3.0470800000000002,,
AWS,i8g.2xlarge,i8g,i8g.2xlarge,8,64.0,us-east-1,,0.6864,0.23506666666666667,,
AWS,r6in.8xlarge,r6in,r6in.8xlarge,32,256.0,us-east-1,,2.78928,0.76058,,
AWS,t4g.medium,t4g,t4g.medium,2,4.0,us-east-1,,0.0336,0.010199999999999999,,
AWS,c7g.12xlarge,c7g,c7g.12xlarge,48,96.0,us-east-1,,1.74,0.5603,,
AWS,d3.2xlarge,d3,d3.2xlarge,8,64.0,us-east-1,,0.999,0.3431,,
AWS,m5ad.16xlarge,m5ad,m5ad.16xlarge,64,256.0,us-east-1,,3.296,1.52614,,
AWS,is4gen.4xlarge,is4gen,is4gen.4xlarge,16,96.0,us-east-1,,2.3052,0.398025,,
AWS,c6i.4xlarge,c6i,c6i.4xlarge,16,32.0,us-east-1,,0.68,0.26761999999999997,,
AWS,x1e.4xlarge,x1e,x1e.4xlarge,16,488.0,us-east-1,,3.336,0.9135,,
AWS,m4.16xlarge,m4,m4.16xlarge,64,256.0,us-east-1,,3.2,1.1049666666666667,,
AWS,u-24tb1.112xlarge,u-24tb1,u-24tb1.112xlarge,448,24576.0,us-east-1,,218.4,,,
AWS,c6gn.large,c6gn,c6gn.large,2,4.0,us-east-1,,0.0864,0.03352,,
AWS,r5dn.16xlarge,r5dn,r5dn.16xlarge,64,512.0,us-east-1,,5.344,1.72848,,
AWS,r5d.4xlarge,r5d,r5d.4xlarge,16,128.0,us-east-1,,1.152,0.56606,,
AWS,d3en.6xlarge,d3en,d3en.6xlarge,24,96.0,us-east-1,,3.154,0.8778,,
AWS,i3en.3xlarge,i3en,i3en.3xlarge,12,96.0,us-east-1,,1.356,0.41624,,
AWS,f1.16xlarge,f1,f1.16xlarge,64,976.0,us-east-1,,13.2,5.1911000000000005,,
AWS,r7gd.8xlarge,r7gd,r7gd.8xlarge,32,256.0,us-east-1,,2.1773,0.66582,,
AWS,c7i-flex.large,c7i-flex,c7i-flex.large,2,4.0,us-east-1,,0.08479,0.0261,,
AWS,im4gn.large,im4gn,im4gn.large,2,8.0,us-east-1,,0.1819,0.056725,,
AWS,x2iedn.4xlarge,x2iedn,x2iedn.4xlarge,16,512.0,us-east-1,,3.3345,0.90676,,
AWS,x2iezn.metal,x2iezn,x2iezn.metal,48,1536.0,us-east-1,,10.008,4.964433333333333,,
AWS,g4ad.xlarge,g4ad,g4ad.xlarge,4,16.0,us-east-1,,0.37853,0.108475,Radeon Pro V520,1.0
AWS,r6in.4xlarge,r6in,r6in.4xlarge,16,128.0,us-east-1,,1.39464,0.6857,,
AWS,m1.xlarge,m1,m1.xlarge,4,15.0,us-east-1,,0.35,0.110975,,
AWS,m7i.metal-48xl,m7i,m7i.metal-48xl,192,768.0,us-east-1,,9.6768,1.97728,,
AWS,m5dn.4xlarge,m5dn,m5dn.4xlarge,16,64.0,us-east-1,,1.088,0.51674,,
AWS,m5n.16xlarge,m5n,m5n.16xlarge,64,256.0,us-east-1,,3.808,1.53782,,
AWS,i4g.16xlarge,i4g,i4g.16xlarge,64,512.0,us-east-1,,4.94208,1.1216,,
AWS,t3a.xlarge,t3a,t3a.xlarge,4,16.0,us-east-1,,0.1504,0.04598,,
AWS,m5dn.xlarge,m5dn,m5dn.xlarge,4,16.0,us-east-1,,0.272,0.11561999999999999,,
AWS,m6id.4xlarge,m6id,m6id.4xlarge,16,64.0,us-east-1,,0.9492,0.30436,,
AWS,c7a.metal-48xl,c7a,c7a.metal-48xl,192,384.0,us-east-1,,9.85344,3.14008,,
AWS,c7g.medium,c7g,c7g.medium,1,2.0,us-east-1,,0.0363,0.01128,,
AWS,r7gd.large,r7gd,r7gd.large,2,16.0,us-east-1,,0.1361,0.0499,,
AWS,r6a.metal,r6a,r6a.metal,192,1536.0,us-east-1,,10.8864,2.67968,,
AWS,m6a.48xlarge,m6a,m6a.48xlarge,192,768.0,us-east-1,,8.2944,2.30914,,
AWS,i4i.16xlarge,i4i,i4i.16xlarge,64,512.0,us-east-1,,5.491,2.65848,,
AWS,c5.18xlarge,c5,c5.18xlarge,72,144.0,us-east-1,,3.06,0.93112,,
AWS,u7in-24tb.224xlarge,u7in-24tb,u7in-24tb.224xlarge,896,24576.0,us-east-1,,305.76,,,
AWS,m6gd.xlarge,m6gd,m6gd.xlarge,4,16.0,us-east-1,,0.1808,0.1044,,
AWS,inf1.2xlarge,inf1,inf1.2xlarge,8,16.0,us-east-1,,0.362,0.11616,,
AWS,m5ad.4xlarge,m5ad,m5ad.4xlarge,16,64.0,us-east-1,,0.824,0.54686,,
AWS,r7iz.16xlarge,r7iz,r7iz.16xlarge,64,512.0,us-east-1,,5.952,1.82424,,
AWS,m6idn.16xlarge,m6idn,m6idn.16xlarge,64,256.0,us-east-1,,5.09184,1.7521200000000001,,
AWS,m6gd.2xlarge,m6gd,m6gd.2xlarge,8,32.0,us-east-1,,0.3616,0.18944,,
AWS,x2gd.large,x2gd,x2gd.large,2,32.0,us-east-1,,0.167,0.04642,,
AWS,a1.metal,a1,a1.metal,16,32.0,us-east-1,,0.408,0.408,,
AWS,trn1n.32xlarge,trn1n,trn1n.32xlarge,128,512.0,us-east-1,,24.78,2.5328,,
AWS,g5.2xlarge,g5,g5.2xlarge,8,32.0,us-east-1,,1.212,0.40890000000000004,A10G,1.0
AWS,z1d.metal,z1d,z1d.metal,48,384.0,us-east-1,,4.464,0.8888400000000001,,
AWS,c8g.large,c8g,c8g.large,2,4.0,us-east-1,,0.07976,0.0289,,
AWS,r7i.48xlarge,r7i,r7i.48xlarge,192,1536.0,us-east-1,,12.7008,4.60652,,
AWS,m6a.12xlarge,m6a,m6a.12xlarge,48,192.0,us-east-1,,2.0736,0.68882,,
AWS,m6idn.24xlarge,m6idn,m6idn.24xlarge,96,384.0,us-east-1,,7.63776,3.01586,,
AWS,c6i.large,c6i,c6i.large,2,4.0,us-east-1,,0.085,0.027600000000000003,,
AWS,x8g.medium,x8g,x8g.medium,1,16.0,us-east-1,,0.0977,0.0232,,
AWS,c6g.large,c6g,c6g.large,2,4.0,us-east-1,,0.068,0.02742,,
AWS,c8g.12xlarge,c8g,c8g.12xlarge,48,96.0,us-east-1,,1.91424,0.55962,,
AWS,c6id.16xlarge,c6id,c6id.16xlarge,64,128.0,us-east-1,,3.2256,1.04184,,
AWS,inf1.xlarge,inf1,inf1.xlarge,4,8.0,us-east-1,,0.228,0.06612,,
AWS,c7gn.xlarge,c7gn,c7gn.xlarge,4,8.0,us-east-1,,0.2496,0.06939999999999999,,
AWS,c8g.xlarge,c8g,c8g.xlarge,4,8.0,us-east-1,,0.15952,0.0489,,
AWS,m6id.2xlarge,m6id,m6id.2xlarge,8,32.0,us-east-1,,0.4746,0.19556,,
AWS,c5n.9xlarge,c5n,c5n.9xlarge,36,96.0,us-east-1,,1.944,0.78014,,
AWS,r6g.8xlarge,r6g,r6g.8xlarge,32,256.0,us-east-1,,1.6128,0.3977,,
AWS,r6idn.metal,r6idn,r6idn.metal,128,1024.0,us-east-1,,12.50496,1.77984,,
AWS,c7i-flex.12xlarge,c7i-flex,c7i-flex.12xlarge,48,96.0,us-east-1,,2.0349,0.6499,,
AWS,c3.xlarge,c3,c3.xlarge,4,7.5,us-east-1,,0.21,0.0781,,
AWS,i4i.8xlarge,i4i,i4i.8xlarge,32,256.0,us-east-1,,2.746,1.2641,,
AWS,r6gd.12xlarge,r6gd,r6gd.12xlarge,48,384.0,us-east-1,,2.7648,0.78754,,
AWS,r7iz.4xlarge,r7iz,r7iz.4xlarge,16,128.0,us-east-1,,1.488,0.63276,,
AWS,r5b.4xlarge,r5b,r5b.4xlarge,16,128.0,us-east-1,,1.192,0.5964,,
AWS,r6i.8xlarge,r6i,r6i.8xlarge,32,256.0,us-east-1,,2.016,0.59,,
AWS,c6g.medium,c6g,c6g.medium,1,2.0,us-east-1,,0.034,0.01064,,
AWS,r5ad.large,r5ad,r5ad.large,2,16.0,us-east-1,,0.131,0.04496,,
AWS,m6gd.12xlarge,m6gd,m6gd.12xlarge,48,192.0,us-east-1,,2.1696,0.6308199999999999,,
AWS,r6g.metal,r6g,r6g.metal,64,512.0,us-east-1,,3.2256,0.80446,,
AWS,c7gn.large,c7gn,c7gn.large,2,4.0,us-east-1,,0.1248,0.036059999999999995,,
AWS,i8g.4xlarge,i8g,i8g.4xlarge,16,128.0,us-east-1,,1.3728,0.4867333333333333,,
AWS,r6i.12xlarge,r6i,r6i.12xlarge,48,384.0,us-east-1,,3.024,0.95436,,
AWS,c3.large,c3,c3.large,2,3.75,us-east-1,,0.105,0.0351,,
AWS,r7iz.metal-32xl,r7iz,r7iz.metal-32xl,128,1024.0,us-east-1,,11.904,2.121,,
AWS,m5ad.2xlarge,m5ad,m5ad.2xlarge,8,32.0,us-east-1,,0.412,0.29982,,
AWS,c3.8xlarge,c3,c3.8xlarge,32,60.0,us-east-1,,1.68,0.608425,,
AWS,p4d.24xlarge,p4d,p4d.24xlarge,96,1152.0,us-east-1,,32.7726,9.4999,A100,8.0
AWS,c5a.12xlarge,c5a,c5a.12xlarge,48,96.0,us-east-1,,1.848,0.59392,,
AWS,c5.2xlarge,c5,c5.2xlarge,8,16.0,us-east-1,,0.34,0.13682,,
AWS,t3.large,t3,t3.large,2,8.0,us-east-1,,0.0832,0.029200000000000004,,
AWS,x2idn.32xlarge,x2idn,x2idn.32xlarge,128,2048.0,us-east-1,,13.338,4.03506,,
AWS,m7i.large,m7i,m7i.large,2,8.0,us-east-1,,0.1008,0.0328,,
AWS,m7gd.medium,m7gd,m7gd.medium,1,4.0,us-east-1,,0.0534,0.01372,,
AWS,g6e.xlarge,g6e,g6e.xlarge,4,32.0,us-east-1,,1.861,0.678375,L40S,1.0
AWS,r8g.12xlarge,r8g,r8g.12xlarge,48,384.0,us-east-1,,2.82768,0.9792,,
AWS,is4gen.2xlarge,is4gen,is4gen.2xlarge,8,48.0,us-east-1,,1.1526,0.4824,,
AWS,c5d.metal,c5d,c5d.metal,96,192.0,us-east-1,,4.608,1.174225,,
AWS,c5n.xlarge,c5n,c5n.xlarge,4,10.5,us-east-1,,0.216,0.09756000000000001,,
AWS,r6idn.32xlarge,r6idn,r6idn.32xlarge,128,1024.0,us-east-1,,12.50496,3.6123800000000004,,
AWS,r6a.32xlarge,r6a,r6a.32xlarge,128,1024.0,us-east-1,,7.2576,1.6545,,
AWS,i3en.large,i3en,i3en.large,2,16.0,us-east-1,,0.226,0.061119999999999994,,
AWS,g6e.2xlarge,g6e,g6e.2xlarge,8,64.0,us-east-1,,2.24208,0.9892,L40S,1.0
AWS,m5.16xlarge,m5,m5.16xlarge,64,256.0,us-east-1,,3.072,0.9570399999999999,,
AWS,a1.4xlarge,a1,a1.4xlarge,16,32.0,us-east-1,,0.408,0.408,,
AWS,z1d.xlarge,z1d,z1d.xlarge,4,32.0,us-east-1,,0.372,0.10684,,
AWS,m5dn.24xlarge,m5dn,m5dn.24xlarge,96,384.0,us-east-1,,6.528,2.53462,,
AWS,p3dn.24xlarge,p3dn,p3dn.24xlarge,96,768.0,us-east-1,,31.212,7.1974,V100-32GB,8.0
AWS,m7a.medium,m7a,m7a.medium,1,4.0,us-east-1,,0.05796,0.01948,,
AWS,i8g.16xlarge,i8g,i8g.16xlarge,64,512.0,us-east-1,,5.4912,1.3319333333333334,,
AWS,r5a.large,r5a,r5a.large,2,16.0,us-east-1,,0.113,0.040260000000000004,,
AWS,c7i.metal-24xl,c7i,c7i.metal-24xl,96,192.0,us-east-1,,4.284,1.15892,,
AWS,i4i.4xlarge,i4i,i4i.4xlarge,16,128.0,us-east-1,,1.373,0.56826,,
AWS,g5g.16xlarge,g5g,g5g.16xlarge,64,128.0,us-east-1,,2.744,0.45825,T4g,2.0
AWS,i7ie.6xlarge,i7ie,i7ie.6xlarge,24,192.0,us-east-1,,3.1188,1.13024,,
AWS,t2.micro,t2,t2.micro,1,1.0,us-east-1,,0.0116,0.0028666666666666667,,
AWS,r8g.xlarge,r8g,r8g.xlarge,4,32.0,us-east-1,,0.23564,0.08005999999999999,,
AWS,r6i.16xlarge,r6i,r6i.16xlarge,64,512.0,us-east-1,,4.032,1.17194,,
AWS,m4.10xlarge,m4,m4.10xlarge,40,160.0,us-east-1,,2.0,0.5659666666666666,,
AWS,r5a.2xlarge,r5a,r5a.2xlarge,8,64.0,us-east-1,,0.452,0.18658,,
AWS,r3.xlarge,r3,r3.xlarge,4,30.5,us-east-1,,0.333,0.093175,,
AWS,m2.xlarge,m2,m2.xlarge,2,17.099609375,us-east-1,,0.245,0.059300000000000005,,
AWS,m8g.2xlarge,m8g,m8g.2xlarge,8,32.0,us-east-1,,0.35904,0.134175,,
AWS,c5n.18xlarge,c5n,c5n.18xlarge,72,192.0,us-east-1,,3.888,1.56884,,
AWS,r6id.metal,r6id,r6id.metal,128,1024.0,us-east-1,,9.6768,2.91526,,
AWS,r7a.xlarge,r7a,r7a.xlarge,4,32.0,us-east-1,,0.3043,0.11692,,
AWS,c5ad.2xlarge,c5ad,c5ad.2xlarge,8,16.0,us-east-1,,0.344,0.16446,,
AWS,m6in.4xlarge,m6in,m6in.4xlarge,16,64.0,us-east-1,,1.11384,0.65444,,
AWS,r6g.xlarge,r6g,r6g.xlarge,4,32.0,us-east-1,,0.2016,0.06617999999999999,,
AWS,r5n.xlarge,r5n,r5n.xlarge,4,32.0,us-east-1,,0.298,0.12158,,
AWS,c6g.4xlarge,c6g,c6g.4xlarge,16,32.0,us-east-1,,0.544,0.16312,,
AWS,r7iz.32xlarge,r7iz,r7iz.32xlarge,128,1024.0,us-east-1,,11.904,4.2025999999999994,,
AWS,r6a.12xlarge,r6a,r6a.12xlarge,48,384.0,us-east-1,,2.7216,0.9801,,
AWS,c7i.16xlarge,c7i,c7i.16xlarge,64,128.0,us-east-1,,2.856,0.83308,,
AWS,c7gn.4xlarge,c7gn,c7gn.4xlarge,16,32.0,us-east-1,,0.9984,0.28408,,
AWS,c7gn.metal,c7gn,c7gn.metal,64,128.0,us-east-1,,3.9936,0.7261200000000001,,
AWS,c6i.xlarge,c6i,c6i.xlarge,4,8.0,us-east-1,,0.17,0.06586,,
AWS,r6id.16xlarge,r6id,r6id.16xlarge,64,512.0,us-east-1,,4.8384,1.57924,,
AWS,i4i.24xlarge,i4i,i4i.24xlarge,96,768.0,us-east-1,,8.2368,2.46706,,
AWS,c8g.medium,c8g,c8g.medium,1,2.0,us-east-1,,0.03988,0.00986,,
AWS,m5dn.metal,m5dn,m5dn.metal,96,384.0,us-east-1,,6.528,1.91452,,
AWS,m7gd.metal,m7gd,m7gd.metal,64,256.0,us-east-1,,3.4171,0.50706,,
AWS,i3.large,i3,i3.large,2,15.25,us-east-1,,0.156,0.03501666666666667,,
AWS,c5n.metal,c5n,c5n.metal,72,192.0,us-east-1,,3.888,1.06216,,
AWS,x2iedn.2xlarge,x2iedn,x2iedn.2xlarge,8,256.0,us-east-1,,1.66725,0.47264,,
AWS,m5a.4xlarge,m5a,m5a.4xlarge,16,64.0,us-east-1,,0.688,0.2821,,
AWS,c6in.16xlarge,c6in,c6in.16xlarge,64,128.0,us-east-1,,3.6288,1.5208400000000002,,
AWS,is4gen.medium,is4gen,is4gen.medium,1,6.0,us-east-1,,0.14408,0.0215,,
AWS,r7iz.2xlarge,r7iz,r7iz.2xlarge,8,64.0,us-east-1,,0.744,0.28878,,
AWS,r5.16xlarge,r5,r5.16xlarge,64,512.0,us-east-1,,4.032,1.25542,,
AWS,r6g.2xlarge,r6g,r6g.2xlarge,8,64.0,us-east-1,,0.4032,0.13074,,
AWS,t3.nano,t3,t3.nano,2,0.5,us-east-1,,0.0052,0.00114,,
AWS,r6in.large,r6in,r6in.large,2,16.0,us-east-1,,0.17433,0.028300000000000002,,
AWS,i4i.large,i4i,i4i.large,2,16.0,us-east-1,,0.172,0.04194,,
AWS,m6i.12xlarge,m6i,m6i.12xlarge,48,192.0,us-east-1,,2.304,0.6708000000000001,,
AWS,x8g.16xlarge,x8g,x8g.16xlarge,64,1024.0,us-east-1,,6.2528,1.2640666666666667,,
AWS,z1d.6xlarge,z1d,z1d.6xlarge,24,192.0,us-east-1,,2.232,1.1107600000000002,,
AWS,c6id.8xlarge,c6id,c6id.8xlarge,32,64.0,us-east-1,,1.6128,0.55646,,
AWS,r5a.12xlarge,r5a,r5a.12xlarge,48,384.0,us-east-1,,2.712,1.03576,,
AWS,c7i-flex.16xlarge,c7i-flex,c7i-flex.16xlarge,64,128.0,us-east-1,,2.7132,0.8663,,
AWS,m7gd.16xlarge,m7gd,m7gd.16xlarge,64,256.0,us-east-1,,3.4171,0.8446400000000001,,
AWS,gr6.4xlarge,gr6,gr6.4xlarge,16,128.0,us-east-1,,1.5392,0.7078,L4,1.0
AWS,m1.large,m1,m1.large,2,7.5,us-east-1,,0.175,0.044950000000000004,,
AWS,m7gd.2xlarge,m7gd,m7gd.2xlarge,8,32.0,us-east-1,,0.4271,0.1873,,
AWS,m6idn.xlarge,m6idn,m6idn.xlarge,4,16.0,us-east-1,,0.31824,0.15798,,
AWS,i3.2xlarge,i3,i3.2xlarge,8,61.0,us-east-1,,0.624,0.29438333333333333,,
AWS,m7g.4xlarge,m7g,m7g.4xlarge,16,64.0,us-east-1,,0.6528,0.26404,,
AWS,c5ad.xlarge,c5ad,c5ad.xlarge,4,8.0,us-east-1,,0.172,0.07414000000000001,,
AWS,m7g.8xlarge,m7g,m7g.8xlarge,32,128.0,us-east-1,,1.3056,0.43289999999999995,,
AWS,c6a.12xlarge,c6a,c6a.12xlarge,48,96.0,us-east-1,,1.836,0.56952,,
AWS,r7g.large,r7g,r7g.large,2,16.0,us-east-1,,0.1071,0.043340000000000004,,
AWS,c6a.4xlarge,c6a,c6a.4xlarge,16,32.0,us-east-1,,0.612,0.24659999999999999,,
AWS,i4i.2xlarge,i4i,i4i.2xlarge,8,64.0,us-east-1,,0.686,0.27808,,
AWS,g6.4xlarge,g6,g6.4xlarge,16,64.0,us-east-1,,1.3232,0.560875,L4,1.0
AWS,r5dn.8xlarge,r5dn,r5dn.8xlarge,32,256.0,us-east-1,,2.672,0.9398799999999999,,
AWS,m7i.16xlarge,m7i,m7i.16xlarge,64,256.0,us-east-1,,3.2256,1.04224,,
AWS,r6a.24xlarge,r6a,r6a.24xlarge,96,768.0,us-east-1,,5.4432,1.4158,,
AWS,u-3tb1.56xlarge,u-3tb1,u-3tb1.56xlarge,224,3072.0,us-east-1,,27.3,,,
AWS,m5.metal,m5,m5.metal,96,384.0,us-east-1,,4.608,1.14536,,
AWS,r7gd.16xlarge,r7gd,r7gd.16xlarge,64,512.0,us-east-1,,4.3546,1.42436,,
AWS,a1.2xlarge,a1,a1.2xlarge,8,16.0,us-east-1,,0.204,0.204,,
AWS,m7i-flex.8xlarge,m7i-flex,m7i-flex.8xlarge,32,128.0,us-east-1,,1.53216,0.5814999999999999,,
AWS,m6g.metal,m6g,m6g.metal,64,256.0,us-east-1,,2.464,0.60346,,
AWS,i4i.metal,i4i,i4i.metal,128,1024.0,us-east-1,,10.982,2.31406,,
AWS,inf2.xlarge,inf2,inf2.xlarge,4,16.0,us-east-1,,0.7582,0.167425,,
AWS,g6e.48xlarge,g6e,g6e.48xlarge,192,1536.0,us-east-1,,30.13118,7.04205,L40S,8.0
AWS,c6gn.xlarge,c6gn,c6gn.xlarge,4,8.0,us-east-1,,0.1728,0.06068,,
AWS,c6a.8xlarge,c6a,c6a.8xlarge,32,64.0,us-east-1,,1.224,0.41816,,
AWS,c7i.4xlarge,c7i,c7i.4xlarge,16,32.0,us-east-1,,0.714,0.27834000000000003,,
AWS,g4dn.8xlarge,g4dn,g4dn.8xlarge,32,128.0,us-east-1,,2.176,0.75412,T4,1.0
AWS,m5d.8xlarge,m5d,m5d.8xlarge,32,128.0,us-east-1,,1.808,0.85504,,
AWS,r4.4xlarge,r4,r4.4xlarge,16,122.0,us-east-1,,1.064,0.42408333333333337,,
AWS,r7g.8xlarge,r7g,r7g.8xlarge,32,256.0,us-east-1,,1.7136,0.40614,,
AWS,c5d.large,c5d,c5d.large,2,4.0,us-east-1,,0.096,0.037660000000000006,,
AWS,g5g.4xlarge,g5g,g5g.4xlarge,16,32.0,us-east-1,,0.828,0.26282500000000003,T4g,1.0
AWS,x2gd.xlarge,x2gd,x2gd.xlarge,4,64.0,us-east-1,,0.334,0.11212,,
AWS,i2.2xlarge,i2,i2.2xlarge,8,61.0,us-east-1,,1.705,0.38394,,
AWS,vt1.24xlarge,vt1,vt1.24xlarge,96,192.0,us-east-1,,5.2,1.73625,,
AWS,c6in.4xlarge,c6in,c6in.4xlarge,16,32.0,us-east-1,,0.9072,0.4032,,
AWS,c7gd.xlarge,c7gd,c7gd.xlarge,4,8.0,us-east-1,,0.1814,0.08658,,
AWS,m5a.large,m5a,m5a.large,2,8.0,us-east-1,,0.086,0.034699999999999995,,
AWS,c5n.large,c5n,c5n.large,2,5.25,us-east-1,,0.108,0.0434,,
AWS,c7a.24xlarge,c7a,c7a.24xlarge,96,192.0,us-east-1,,4.92672,1.55124,,
AWS,m5d.24xlarge,m5d,m5d.24xlarge,96,384.0,us-east-1,,5.424,2.39728,,
AWS,r5.24xlarge,r5,r5.24xlarge,96,768.0,us-east-1,,6.048,1.7275800000000001,,
AWS,c5a.xlarge,c5a,c5a.xlarge,4,8.0,us-east-1,,0.154,0.07582,,
AWS,m6a.24xlarge,m6a,m6a.24xlarge,96,384.0,us-east-1,,4.1472,1.22906,,
AWS,i3en.xlarge,i3en,i3en.xlarge,4,32.0,us-east-1,,0.452,0.1379,,
AWS,im4gn.4xlarge,im4gn,im4gn.4xlarge,16,64.0,us-east-1,,1.45517,0.20565,,
AWS,m7g.metal,m7g,m7g.metal,64,256.0,us-east-1,,2.6112,0.56498,,
AWS,c7g.2xlarge,c7g,c7g.2xlarge,8,16.0,us-east-1,,0.29,0.08288,,
AWS,x2iedn.metal,x2iedn,x2iedn.metal,128,4096.0,us-east-1,,26.676,4.17192,,
AWS,m7a.metal-48xl,m7a,m7a.metal-48xl,192,768.0,us-east-1,,11.12832,2.4054,,
AWS,i2.8xlarge,i2,i2.8xlarge,32,244.0,us-east-1,,6.82,2.45736,,
AWS,c5n.2xlarge,c5n,c5n.2xlarge,8,21.0,us-east-1,,0.432,0.21598,,
AWS,r5.large,r5,r5.large,2,16.0,us-east-1,,0.126,0.048420000000000005,,
AWS,m5dn.large,m5dn,m5dn.large,2,8.0,us-east-1,,0.136,0.049280000000000004,,
AWS,r6gd.2xlarge,r6gd,r6gd.2xlarge,8,64.0,us-east-1,,0.4608,0.23378000000000002,,
AWS,t3.medium,t3,t3.medium,2,4.0,us-east-1,,0.0416,0.0184,,
AWS,u-12tb1.112xlarge,u-12tb1,u-12tb1.112xlarge,448,12288.0,us-east-1,,109.2,,,
AWS,c7i.metal-48xl,c7i,c7i.metal-48xl,192,384.0,us-east-1,,8.568,2.2815800000000004,,
AWS,m7i.4xlarge,m7i,m7i.4xlarge,16,64.0,us-east-1,,0.8064,0.27362000000000003,,
AWS,m5n.xlarge,m5n,m5n.xlarge,4,16.0,us-east-1,,0.238,0.11142,,
AWS,m5ad.xlarge,m5ad,m5ad.xlarge,4,16.0,us-east-1,,0.206,0.12000000000000002,,
AWS,r6idn.xlarge,r6idn,r6idn.xlarge,4,32.0,us-east-1,,0.39078,0.16743999999999998,,
AWS,m7g.medium,m7g,m7g.medium,1,4.0,us-east-1,,0.0408,0.01456,,
AWS,x8g.24xlarge,x8g,x8g.24xlarge,96,1536.0,us-east-1,,9.3792,2.6494,,
AWS,x2gd.metal,x2gd,x2gd.metal,64,1024.0,us-east-1,,5.344,1.7143599999999999,,
AWS,i4i.xlarge,i4i,i4i.xlarge,4,32.0,us-east-1,,0.343,0.13046,,
AWS,r5d.8xlarge,r5d,r5d.8xlarge,32,256.0,us-east-1,,2.304,0.81828,,
AWS,m6in.large,m6in,m6in.large,2,8.0,us-east-1,,0.13923,0.05312,,
AWS,m5ad.24xlarge,m5ad,m5ad.24xlarge,96,384.0,us-east-1,,4.944,2.81196,,
AWS,c6gd.2xlarge,c6gd,c6gd.2xlarge,8,16.0,us-east-1,,0.3072,0.064,,
AWS,d2.2xlarge,d2,d2.2xlarge,8,61.0,us-east-1,,1.38,0.24936666666666665,,
AWS,m7gd.12xlarge,m7gd,m7gd.12xlarge,48,192.0,us-east-1,,2.5628,0.67894,,
AWS,x2iedn.xlarge,x2iedn,x2iedn.xlarge,4,128.0,us-east-1,,0.83363,0.23570000000000002,,
AWS,r6i.4xlarge,r6i,r6i.4xlarge,16,128.0,us-east-1,,1.008,0.41544,,
AWS,m5.24xlarge,m5,m5.24xlarge,96,384.0,us-east-1,,4.608,1.32728,,
AWS,c6gd.large,c6gd,c6gd.large,2,4.0,us-east-1,,0.0768,0.0304,,
AWS,m7a.48xlarge,m7a,m7a.48xlarge,192,768.0,us-east-1,,11.12832,3.1858,,
AWS,r5ad.24xlarge,r5ad,r5ad.24xlarge,96,768.0,us-east-1,,6.288,1.9312799999999999,,
AWS,c5a.4xlarge,c5a,c5a.4xlarge,16,32.0,us-east-1,,0.616,0.2592,,
AWS,r5n.4xlarge,r5n,r5n.4xlarge,16,128.0,us-east-1,,1.192,0.68956,,
AWS,m6i.16xlarge,m6i,m6i.16xlarge,64,256.0,us-east-1,,3.072,0.94878,,
AWS,r7a.2xlarge,r7a,r7a.2xlarge,8,64.0,us-east-1,,0.6086,0.25612,,
AWS,r7i.xlarge,r7i,r7i.xlarge,4,32.0,us-east-1,,0.2646,0.10207999999999999,,
AWS,m5a.8xlarge,m5a,m5a.8xlarge,32,128.0,us-east-1,,1.376,0.55908,,
AWS,r7a.12xlarge,r7a,r7a.12xlarge,48,384.0,us-east-1,,3.6516,1.44282,,
AWS,m5zn.2xlarge,m5zn,m5zn.2xlarge,8,32.0,us-east-1,,0.6607,0.31438,,
AWS,m5dn.16xlarge,m5dn,m5dn.16xlarge,64,256.0,us-east-1,,4.352,1.4829,,
AWS,m5dn.12xlarge,m5dn,m5dn.12xlarge,48,192.0,us-east-1,,3.264,1.12652,,
AWS,c7a.32xlarge,c7a,c7a.32xlarge,128,256.0,us-east-1,,6.56896,1.94072,,
AWS,r6a.xlarge,r6a,r6a.xlarge,4,32.0,us-east-1,,0.2268,0.07036,,
AWS,c6id.24xlarge,c6id,c6id.24xlarge,96,192.0,us-east-1,,4.8384,1.4510399999999999,,
AWS,r7i.metal-24xl,r7i,r7i.metal-24xl,96,768.0,us-east-1,,6.3504,1.25838,,
AWS,m5d.2xlarge,m5d,m5d.2xlarge,8,32.0,us-east-1,,0.452,0.26302,,
AWS,c7gd.12xlarge,c7gd,c7gd.12xlarge,48,96.0,us-east-1,,2.1773,0.60912,,
AWS,c6g.12xlarge,c6g,c6g.12xlarge,48,96.0,us-east-1,,1.632,0.38738,,
AWS,c7a.medium,c7a,c7a.medium,1,2.0,us-east-1,,0.05132,0.01708,,
AWS,i3.xlarge,i3,i3.xlarge,4,30.5,us-east-1,,0.312,0.12328333333333334,,
AWS,t3.small,t3,t3.small,2,2.0,us-east-1,,0.0208,0.00674,,
AWS,g4dn.4xlarge,g4dn,g4dn.4xlarge,16,64.0,us-east-1,,1.204,0.38096,T4,1.0
AWS,r6id.xlarge,r6id,r6id.xlarge,4,32.0,us-east-1,,0.3024,0.14416,,
AWS,i3en.2xlarge,i3en,i3en.2xlarge,8,64.0,us-east-1,,0.904,0.41116,,
AWS,m2.2xlarge,m2,m2.2xlarge,4,34.19921875,us-east-1,,0.49,0.14325000000000002,,
AWS,z1d.2xlarge,z1d,z1d.2xlarge,8,64.0,us-east-1,,0.744,0.28352,,
AWS,i8g.12xlarge,i8g,i8g.12xlarge,48,384.0,us-east-1,,4.1184,1.1483,,
AWS,i7ie.2xlarge,i7ie,i7ie.2xlarge,8,64.0,us-east-1,,1.0396,0.39786,,
AWS,g6.48xlarge,g6,g6.48xlarge,192,768.0,us-east-1,,13.3504,3.481175,L4,8.0
AWS,m5zn.large,m5zn,m5zn.large,2,8.0,us-east-1,,0.1652,0.06233999999999999,,
AWS,t2.large,t2,t2.large,2,8.0,us-east-1,,0.0928,0.03175,,
AWS,m6a.16xlarge,m6a,m6a.16xlarge,64,256.0,us-east-1,,2.7648,1.06302,,
AWS,i7ie.18xlarge,i7ie,i7ie.18xlarge,72,576.0,us-east-1,,9.3564,3.317,,
AWS,m6a.metal,m6a,m6a.metal,192,768.0,us-east-1,,8.2944,2.1286,,
AWS,r4.xlarge,r4,r4.xlarge,4,30.5,us-east-1,,0.266,0.09388333333333333,,
AWS,r7i.4xlarge,r7i,r7i.4xlarge,16,128.0,us-east-1,,1.0584,0.40584,,
AWS,i4i.12xlarge,i4i,i4i.12xlarge,48,384.0,us-east-1,,4.118,1.59226,,
AWS,g4dn.12xlarge,g4dn,g4dn.12xlarge,48,192.0,us-east-1,,3.912,1.47482,T4,4.0
AWS,m6a.32xlarge,m6a,m6a.32xlarge,128,512.0,us-east-1,,5.5296,1.5626000000000002,,
AWS,i7ie.24xlarge,i7ie,i7ie.24xlarge,96,768.0,us-east-1,,12.4752,3.8453600000000003,,
AWS,m3.2xlarge,m3,m3.2xlarge,8,30.0,us-east-1,,0.532,0.21032499999999998,,
AWS,h1.16xlarge,h1,h1.16xlarge,64,256.0,us-east-1,,3.744,0.907475,,
AWS,c5.4xlarge,c5,c5.4xlarge,16,32.0,us-east-1,,0.68,0.23121999999999998,,
AWS,c5d.4xlarge,c5d,c5d.4xlarge,16,32.0,us-east-1,,0.768,0.3618,,
AWS,t2.medium,t2,t2.medium,2,4.0,us-east-1,,0.0464,0.014133333333333333,,
AWS,c6gd.metal,c6gd,c6gd.metal,64,128.0,us-east-1,,2.4576,0.39825999999999995,,
AWS,c7g.xlarge,c7g,c7g.xlarge,4,8.0,us-east-1,,0.145,0.05664,,
AWS,m6gd.medium,m6gd,m6gd.medium,1,4.0,us-east-1,,0.0452,0.016980000000000002,,
AWS,c6gd.medium,c6gd,c6gd.medium,1,2.0,us-east-1,,0.0384,0.0091,,
AWS,m8g.24xlarge,m8g,m8g.24xlarge,96,384.0,us-east-1,,4.30848,1.2845499999999999,,
AWS,m7a.32xlarge,m7a,m7a.32xlarge,128,512.0,us-east-1,,7.41888,2.0553,,
AWS,i7ie.xlarge,i7ie,i7ie.xlarge,4,32.0,us-east-1,,0.5198,0.15894,,
AWS,m8g.metal-24xl,m8g,m8g.metal-24xl,96,384.0,us-east-1,,4.30848,1.58235,,
AWS,m5.8xlarge,m5,m5.8xlarge,32,128.0,us-east-1,,1.536,0.4992599999999999,,
AWS,x2idn.16xlarge,x2idn,x2idn.16xlarge,64,1024.0,us-east-1,,6.669,2.19398,,
AWS,m2.4xlarge,m2,m2.4xlarge,8,68.3994140625,us-east-1,,0.98,0.3419,,
AWS,f2.12xlarge,f2,f2.12xlarge,48,512.0,us-east-1,,3.96,1.255625,,
AWS,r7i.12xlarge,r7i,r7i.12xlarge,48,384.0,us-east-1,,3.1752,1.09816,,
AWS,g3.8xlarge,g3,g3.8xlarge,32,244.0,us-east-1,,2.28,0.84535,,
AWS,r3.4xlarge,r3,r3.4xlarge,16,122.0,us-east-1,,1.33,0.484,,
AWS,m6g.large,m6g,m6g.large,2,8.0,us-east-1,,0.077,0.02642,,
AWS,m6id.large,m6id,m6id.large,2,8.0,us-east-1,,0.11865,0.0369,,
AWS,t3.xlarge,t3,t3.xlarge,4,16.0,us-east-1,,0.1664,0.06182000000000001,,
AWS,c7i.12xlarge,c7i,c7i.12xlarge,48,96.0,us-east-1,,2.142,0.6793,,
AWS,g4dn.metal,g4dn,g4dn.metal,96,384.0,us-east-1,,7.824,3.55068,T4,8.0
AWS,r6gd.large,r6gd,r6gd.large,2,16.0,us-east-1,,0.1152,0.04436,,
AWS,m6i.4xlarge,m6i,m6i.4xlarge,16,64.0,us-east-1,,0.768,0.25448,,
AWS,r6g.large,r6g,r6g.large,2,16.0,us-east-1,,0.1008,0.03264,,
AWS,m5dn.8xlarge,m5dn,m5dn.8xlarge,32,128.0,us-east-1,,2.176,0.94824,,
AWS,u-6tb1.112xlarge,u-6tb1,u-6tb1.112xlarge,448,6144.0,us-east-1,,54.6,,,
AWS,c6gd.xlarge,c6gd,c6gd.xlarge,4,8.0,us-east-1,,0.1536,0.06648000000000001,,
AWS,r6id.32xlarge,r6id,r6id.32xlarge,128,1024.0,us-east-1,,9.6768,3.3321799999999997,,
AWS,x2iedn.32xlarge,x2iedn,x2iedn.32xlarge,128,4096.0,us-east-1,,26.676,6.2024799999999995,,
AWS,m6gd.large,m6gd,m6gd.large,2,8.0,us-east-1,,0.0904,0.03394,,
AWS,u-18tb1.112xlarge,u-18tb1,u-18tb1.112xlarge,448,18432.0,us-east-1,,163.8,,,
AWS,inf1.24xlarge,inf1,inf1.24xlarge,96,192.0,us-east-1,,4.721,3.38044,,
AWS,c5a.16xlarge,c5a,c5a.16xlarge,64,128.0,us-east-1,,2.464,0.9574,,
AWS,r5n.24xlarge,r5n,r5n.24xlarge,96,768.0,us-east-1,,7.152,1.9813800000000001,,
AWS,m7i-flex.large,m7i-flex,m7i-flex.large,2,8.0,us-east-1,,0.09576,0.031619999999999995,,
AWS,x1e.xlarge,x1e,x1e.xlarge,4,122.0,us-east-1,,0.834,0.1962,,
AWS,c5.12xlarge,c5,c5.12xlarge,48,96.0,us-east-1,,2.04,0.6619200000000001,,
AWS,m7i-flex.16xlarge,m7i-flex,m7i-flex.16xlarge,64,256.0,us-east-1,,3.06432,1.10575,,
AWS,m6gd.8xlarge,m6gd,m6gd.8xlarge,32,128.0,us-east-1,,1.4464,0.55104,,
AWS,m5a.16xlarge,m5a,m5a.16xlarge,64,256.0,us-east-1,,2.752,0.9116399999999999,,
AWS,g6e.8xlarge,g6e,g6e.8xlarge,32,256.0,us-east-1,,4.52856,1.8725,L40S,1.0
AWS,x2iedn.8xlarge,x2iedn,x2iedn.8xlarge,32,1024.0,us-east-1,,6.669,2.27142,,
AWS,g3.4xlarge,g3,g3.4xlarge,16,122.0,us-east-1,,1.14,0.494275,,
AWS,r6id.4xlarge,r6id,r6id.4xlarge,16,128.0,us-east-1,,1.2096,0.5082800000000001,,
AWS,c8g.metal-24xl,c8g,c8g.metal-24xl,96,192.0,us-east-1,,3.82848,0.84618,,
AWS,c5ad.16xlarge,c5ad,c5ad.16xlarge,64,128.0,us-east-1,,2.752,1.0236800000000001,,
AWS,c6a.xlarge,c6a,c6a.xlarge,4,8.0,us-east-1,,0.153,0.05616,,
AWS,r7g.12xlarge,r7g,r7g.12xlarge,48,384.0,us-east-1,,2.5704,0.74548,,
AWS,c6gn.medium,c6gn,c6gn.medium,1,2.0,us-east-1,,0.0432,0.00976,,
AWS,r6gd.xlarge,r6gd,r6gd.xlarge,4,32.0,us-east-1,,0.2304,0.10486,,
AWS,m5ad.large,m5ad,m5ad.large,2,8.0,us-east-1,,0.103,0.04726,,
AWS,m6g.4xlarge,m6g,m6g.4xlarge,16,64.0,us-east-1,,0.616,0.255,,
AWS,im4gn.xlarge,im4gn,im4gn.xlarge,4,16.0,us-east-1,,0.36379,0.09805,,
AWS,m6i.metal,m6i,m6i.metal,128,512.0,us-east-1,,6.144,1.53526,,
AWS,m6idn.metal,m6idn,m6idn.metal,128,512.0,us-east-1,,10.18368,3.6642200000000003,,
AWS,r6a.48xlarge,r6a,r6a.48xlarge,192,1536.0,us-east-1,,10.8864,2.29128,,
AWS,x8g.2xlarge,x8g,x8g.2xlarge,8,128.0,us-east-1,,0.7816,0.2631,,
AWS,g4dn.2xlarge,g4dn,g4dn.2xlarge,8,32.0,us-east-1,,0.752,0.24022000000000002,T4,1.0
AWS,m6id.32xlarge,m6id,m6id.32xlarge,128,512.0,us-east-1,,7.5936,2.49078,,
AWS,trn1.2xlarge,trn1,trn1.2xlarge,8,32.0,us-east-1,,1.34375,0.37629999999999997,,
AWS,r4.16xlarge,r4,r4.16xlarge,64,488.0,us-east-1,,4.256,1.6323666666666667,,
AWS,i7ie.large,i7ie,i7ie.large,2,16.0,us-east-1,,0.2599,0.053759999999999995,,
AWS,x1e.2xlarge,x1e,x1e.2xlarge,8,244.0,us-east-1,,1.668,0.43945,,
AWS,r6idn.16xlarge,r6idn,r6idn.16xlarge,64,512.0,us-east-1,,6.25248,2.1406,,
AWS,dl1.24xlarge,dl1,dl1.24xlarge,96,768.0,us-east-1,,13.10904,2.4033,Gaudi HL-205,8.0
AWS,g6.xlarge,g6,g6.xlarge,4,16.0,us-east-1,,0.8048,0.337725,L4,1.0
AWS,c5ad.4xlarge,c5ad,c5ad.4xlarge,16,32.0,us-east-1,,0.688,0.33116,,
AWS,c6i.2xlarge,c6i,c6i.2xlarge,8,16.0,us-east-1,,0.34,0.16748000000000002,,
AWS,c8g.4xlarge,c8g,c8g.4xlarge,16,32.0,us-east-1,,0.63808,0.24188,,
AWS,a1.medium,a1,a1.medium,1,2.0,us-east-1,,0.0255,0.0255,,
AWS,r7gd.12xlarge,r7gd,r7gd.12xlarge,48,384.0,us-east-1,,3.2659,1.0566200000000001,,
AWS,m7a.4xlarge,m7a,m7a.4xlarge,16,64.0,us-east-1,,0.92736,0.36946,,
AWS,r7g.medium,r7g,r7g.medium,1,8.0,us-east-1,,0.0536,0.026140000000000004,,
AWS,c7i-flex.2xlarge,c7i-flex,c7i-flex.2xlarge,8,16.0,us-east-1,,0.33915,0.12436,,
AWS,m7a.large,m7a,m7a.large,2,8.0,us-east-1,,0.11592,0.04008,,
AWS,t3a.micro,t3a,t3a.micro,2,1.0,us-east-1,,0.0094,0.00338,,
AWS,r5.xlarge,r5,r5.xlarge,4,32.0,us-east-1,,0.252,0.09286,,
AWS,x2gd.2xlarge,x2gd,x2gd.2xlarge,8,128.0,us-east-1,,0.668,0.23922,,
AWS,r8g.16xlarge,r8g,r8g.16xlarge,64,512.0,us-east-1,,3.77024,1.00252,,
AWS,c5n.4xlarge,c5n,c5n.4xlarge,16,42.0,us-east-1,,0.864,0.42088000000000003,,
AWS,r3.large,r3,r3.large,2,15.0,us-east-1,,0.166,0.046725,,
AWS,i4g.4xlarge,i4g,i4g.4xlarge,16,128.0,us-east-1,,1.23552,0.50336,,
AWS,is4gen.8xlarge,is4gen,is4gen.8xlarge,32,192.0,us-east-1,,4.6104,0.579875,,
AWS,d2.xlarge,d2,d2.xlarge,4,30.5,us-east-1,,0.69,0.09638333333333333,,
AWS,r5b.xlarge,r5b,r5b.xlarge,4,32.0,us-east-1,,0.298,0.136875,,
AWS,r6gd.8xlarge,r6gd,r6gd.8xlarge,32,256.0,us-east-1,,1.8432,0.6231,,
AWS,m5a.2xlarge,m5a,m5a.2xlarge,8,32.0,us-east-1,,0.344,0.16094,,
AWS,x1e.8xlarge,x1e,x1e.8xlarge,32,976.0,us-east-1,,6.672,2.5114,,
AWS,u-9tb1.112xlarge,u-9tb1,u-9tb1.112xlarge,448,9216.0,us-east-1,,81.9,,,
AWS,d3en.4xlarge,d3en,d3en.4xlarge,16,64.0,us-east-1,,2.103,0.72355,,
AWS,c6in.24xlarge,c6in,c6in.24xlarge,96,192.0,us-east-1,,5.4432,2.0969,,
AWS,g5.12xlarge,g5,g5.12xlarge,48,192.0,us-east-1,,5.672,2.39336,A10G,4.0
AWS,c7g.16xlarge,c7g,c7g.16xlarge,64,128.0,us-east-1,,2.32,0.5683999999999999,,
AWS,h1.2xlarge,h1,h1.2xlarge,8,32.0,us-east-1,,0.468,0.2326,,
AWS,x2idn.24xlarge,x2idn,x2idn.24xlarge,96,1536.0,us-east-1,,10.0035,2.88774,,
AWS,m5n.12xlarge,m5n,m5n.12xlarge,48,192.0,us-east-1,,2.856,1.04836,,
AWS,m7gd.4xlarge,m7gd,m7gd.4xlarge,16,64.0,us-east-1,,0.8543,0.3866,,
AWS,r6id.2xlarge,r6id,r6id.2xlarge,8,64.0,us-east-1,,0.6048,0.26358000000000004,,
AWS,c7gn.16xlarge,c7gn,c7gn.16xlarge,64,128.0,us-east-1,,3.9936,0.60324,,
AWS,m6i.24xlarge,m6i,m6i.24xlarge,96,384.0,us-east-1,,4.608,1.34116,,
AWS,p3.8xlarge,p3,p3.8xlarge,32,244.0,us-east-1,,12.24,3.6315250000000003,V100,4.0
AWS,r5b.12xlarge,r5b,r5b.12xlarge,48,384.0,us-east-1,,3.576,1.837675,,
AWS,m8g.48xlarge,m8g,m8g.48xlarge,192,768.0,us-east-1,,8.61696,2.526075,,
AWS,t3.2xlarge,t3,t3.2xlarge,8,32.0,us-east-1,,0.3328,0.12172000000000001,,
AWS,m5d.16xlarge,m5d,m5d.16xlarge,64,256.0,us-east-1,,3.616,1.60262,,
AWS,r6i.2xlarge,r6i,r6i.2xlarge,8,64.0,us-east-1,,0.504,0.20583999999999997,,
AWS,c5ad.large,c5ad,c5ad.large,2,4.0,us-east-1,,0.086,0.035059999999999994,,
AWS,x2gd.16xlarge,x2gd,x2gd.16xlarge,64,1024.0,us-east-1,,5.344,1.6267800000000001,,
AWS,r7a.medium,r7a,r7a.medium,1,8.0,us-east-1,,0.07608,0.031380000000000005,,
AWS,r6g.16xlarge,r6g,r6g.16xlarge,64,512.0,us-east-1,,3.2256,0.9049800000000001,,
AWS,t2.small,t2,t2.small,1,2.0,us-east-1,,0.023,0.008100000000000001,,
AWS,r5d.12xlarge,r5d,r5d.12xlarge,48,384.0,us-east-1,,3.456,1.23202,,
AWS,r7gd.4xlarge,r7gd,r7gd.4xlarge,16,128.0,us-east-1,,1.0886,0.48062000000000005,,
AWS,m6a.xlarge,m6a,m6a.xlarge,4,16.0,us-east-1,,0.1728,0.06826,,
AWS,c5d.9xlarge,c5d,c5d.9xlarge,36,72.0,us-east-1,,1.728,0.65328,,
AWS,r8g.2xlarge,r8g,r8g.2xlarge,8,64.0,us-east-1,,0.47128,0.17478,,
AWS,r7a.48xlarge,r7a,r7a.48xlarge,192,1536.0,us-east-1,,14.6064,2.98714,,
AWS,m6in.2xlarge,m6in,m6in.2xlarge,8,32.0,us-east-1,,0.55692,0.23125999999999997,,
AWS,x2iedn.16xlarge,x2iedn,x2iedn.16xlarge,64,2048.0,us-east-1,,13.338,3.6919200000000005,,
AWS,m4.2xlarge,m4,m4.2xlarge,8,32.0,us-east-1,,0.4,0.18925,,
AWS,m5zn.3xlarge,m5zn,m5zn.3xlarge,12,48.0,us-east-1,,0.991,0.5010600000000001,,
AWS,m8g.xlarge,m8g,m8g.xlarge,4,16.0,us-east-1,,0.17952,0.051775,,
AWS,m6idn.2xlarge,m6idn,m6idn.2xlarge,8,32.0,us-east-1,,0.63648,0.32702,,
AWS,inf2.8xlarge,inf2,inf2.8xlarge,32,128.0,us-east-1,,1.96786,0.605225,,
AWS,m8g.8xlarge,m8g,m8g.8xlarge,32,128.0,us-east-1,,1.43616,0.512175,,
AWS,c6a.48xlarge,c6a,c6a.48xlarge,192,384.0,us-east-1,,7.344,1.94468,,
AWS,r5dn.metal,r5dn,r5dn.metal,96,768.0,us-east-1,,8.016,1.4105,,
AWS,c8g.48xlarge,c8g,c8g.48xlarge,192,384.0,us-east-1,,7.65696,2.6083000000000003,,
AWS,m6id.24xlarge,m6id,m6id.24xlarge,96,384.0,us-east-1,,5.6952,1.6397199999999998,,
AWS,r8g.large,r8g,r8g.large,2,16.0,us-east-1,,0.11782,0.04264,,
AWS,f1.2xlarge,f1,f1.2xlarge,8,122.0,us-east-1,,1.65,0.50298,,
AWS,r7gd.xlarge,r7gd,r7gd.xlarge,4,32.0,us-east-1,,0.2722,0.11712,,
AWS,r8g.4xlarge,r8g,r8g.4xlarge,16,128.0,us-east-1,,0.94256,0.31745999999999996,,
AWS,i4g.large,i4g,i4g.large,2,16.0,us-east-1,,0.15444,0.04956,,
AWS,r8g.medium,r8g,r8g.medium,1,8.0,us-east-1,,0.05891,0.02078,,
AWS,r8g.metal-24xl,r8g,r8g.metal-24xl,96,768.0,us-east-1,,5.65536,1.41496,,
AWS,m7i.xlarge,m7i,m7i.xlarge,4,16.0,us-east-1,,0.2016,0.07762,,
AWS,i3.8xlarge,i3,i3.8xlarge,32,244.0,us-east-1,,2.496,1.0048000000000001,,
AWS,p2.8xlarge,p2,p2.8xlarge,32,488.0,us-east-1,,7.2,2.9322,K80,8.0
AWS,r8g.48xlarge,r8g,r8g.48xlarge,192,1536.0,us-east-1,,11.31072,3.49274,,
AWS,m7gd.large,m7gd,m7gd.large,2,8.0,us-east-1,,0.1068,0.03144,,
AWS,c7gn.medium,c7gn,c7gn.medium,1,2.0,us-east-1,,0.0624,0.00956,,
AWS,m7i-flex.2xlarge,m7i-flex,m7i-flex.2xlarge,8,32.0,us-east-1,,0.38304,0.18348,,
AWS,g6.8xlarge,g6,g6.8xlarge,32,128.0,us-east-1,,2.0144,0.9395,L4,1.0
AWS,c6i.32xlarge,c6i,c6i.32xlarge,128,256.0,us-east-1,,5.44,1.5907399999999998,,
AWS,m5d.4xlarge,m5d,m5d.4xlarge,16,64.0,us-east-1,,0.904,0.44980000000000003,,
AWS,r5d.large,r5d,r5d.large,2,16.0,us-east-1,,0.144,0.05688,,
AWS,m5n.large,m5n,m5n.large,2,8.0,us-east-1,,0.119,0.054400000000000004,,
AWS,m6in.32xlarge,m6in,m6in.32xlarge,128,512.0,us-east-1,,8.91072,3.4797,,
AWS,c5ad.8xlarge,c5ad,c5ad.8xlarge,32,64.0,us-east-1,,1.376,0.68244,,
AWS,c6in.metal,c6in,c6in.metal,128,256.0,us-east-1,,7.2576,1.3466200000000002,,
AWS,r5n.12xlarge,r5n,r5n.12xlarge,48,384.0,us-east-1,,3.576,1.16996,,
AWS,c7gn.12xlarge,c7gn,c7gn.12xlarge,48,96.0,us-east-1,,2.9952,0.51922,,
AWS,t3a.large,t3a,t3a.large,2,8.0,us-east-1,,0.0752,0.02572,,
AWS,g6e.12xlarge,g6e,g6e.12xlarge,48,384.0,us-east-1,,10.49264,5.014875,L40S,4.0
AWS,c6in.large,c6in,c6in.large,2,4.0,us-east-1,,0.1134,0.04498,,
AWS,g6.16xlarge,g6,g6.16xlarge,64,256.0,us-east-1,,3.3968,1.22075,L4,1.0
AWS,m5dn.2xlarge,m5dn,m5dn.2xlarge,8,32.0,us-east-1,,0.544,0.26882,,
AWS,trn1.32xlarge,trn1,trn1.32xlarge,128,512.0,us-east-1,,21.5,3.9429,,
AWS,m6g.12xlarge,m6g,m6g.12xlarge,48,192.0,us-east-1,,1.848,0.4867800000000001,,
AWS,r5a.8xlarge,r5a,r5a.8xlarge,32,256.0,us-east-1,,1.808,0.59458,,
AWS,inf2.24xlarge,inf2,inf2.24xlarge,96,384.0,us-east-1,,6.49063,2.24415,,
AWS,m5n.4xlarge,m5n,m5n.4xlarge,16,64.0,us-east-1,,0.952,0.42234,,
AWS,m6id.8xlarge,m6id,m6id.8xlarge,32,128.0,us-east-1,,1.8984,0.67054,,
AWS,r7iz.metal-16xl,r7iz,r7iz.metal-16xl,64,512.0,us-east-1,,5.952,0.95976,,
AWS,i3en.metal,i3en,i3en.metal,96,768.0,us-east-1,,10.848,1.39054,,
AWS,r7gd.2xlarge,r7gd,r7gd.2xlarge,8,64.0,us-east-1,,0.5443,0.20966,,
AWS,c1.medium,c1,c1.medium,2,1.69921875,us-east-1,,0.13,0.02905,,
AWS,r7i.24xlarge,r7i,r7i.24xlarge,96,768.0,us-east-1,,6.3504,1.49726,,
AWS,c5.metal,c5,c5.metal,96,192.0,us-east-1,,4.08,0.94474,,
AWS,r6i.24xlarge,r6i,r6i.24xlarge,96,768.0,us-east-1,,6.048,1.66966,,
AWS,m7i.24xlarge,m7i,m7i.24xlarge,96,384.0,us-east-1,,4.8384,1.38278,,
AWS,c6a.24xlarge,c6a,c6a.24xlarge,96,192.0,us-east-1,,3.672,1.0838,,
AWS,hpc7g.16xlarge,hpc7g,hpc7g.16xlarge,64,128.0,us-east-1,,1.6832,,,
AWS,c7g.metal,c7g,c7g.metal,64,128.0,us-east-1,,2.32,0.67526,,
AWS,m6a.4xlarge,m6a,m6a.4xlarge,16,64.0,us-east-1,,0.6912,0.29896,,
AWS,x2gd.8xlarge,x2gd,x2gd.8xlarge,32,512.0,us-east-1,,2.672,0.7779200000000001,,
AWS,c5d.24xlarge,c5d,c5d.24xlarge,96,192.0,us-east-1,,4.608,1.3803666666666665,,
AWS,r7i.8xlarge,r7i,r7i.8xlarge,32,256.0,us-east-1,,2.1168,0.5323399999999999,,
AWS,x2gd.medium,x2gd,x2gd.medium,1,16.0,us-east-1,,0.0835,0.02264,,
AWS,g6.2xlarge,g6,g6.2xlarge,8,32.0,us-east-1,,0.9776,0.382525,L4,1.0
AWS,x2iezn.8xlarge,x2iezn,x2iezn.8xlarge,32,1024.0,us-east-1,,6.672,2.1914000000000002,,
AWS,m6idn.4xlarge,m6idn,m6idn.4xlarge,16,64.0,us-east-1,,1.27296,0.74602,,
AWS,x8g.metal-48xl,x8g,x8g.metal-48xl,192,3072.0,us-east-1,,18.7584,9.144933333333334,,
AWS,p3.16xlarge,p3,p3.16xlarge,64,488.0,us-east-1,,24.48,5.001425,V100,8.0
AWS,i3en.6xlarge,i3en,i3en.6xlarge,24,192.0,us-east-1,,2.712,0.89254,,
AWS,x2iezn.6xlarge,x2iezn,x2iezn.6xlarge,24,768.0,us-east-1,,5.004,1.3059333333333332,,
AWS,c6in.32xlarge,c6in,c6in.32xlarge,128,256.0,us-east-1,,7.2576,2.52766,,
AWS,r5a.24xlarge,r5a,r5a.24xlarge,96,768.0,us-east-1,,5.424,1.6240999999999999,,
AWS,g5.24xlarge,g5,g5.24xlarge,96,384.0,us-east-1,,8.144,3.8346400000000003,A10G,4.0
AWS,r6in.2xlarge,r6in,r6in.2xlarge,8,64.0,us-east-1,,0.69732,0.27574,,
AWS,d2.8xlarge,d2,d2.8xlarge,36,244.0,us-east-1,,5.52,0.78995,,
AWS,r5.4xlarge,r5,r5.4xlarge,16,128.0,us-east-1,,1.008,0.33908,,
AWS,r5ad.xlarge,r5ad,r5ad.xlarge,4,32.0,us-east-1,,0.262,0.10840000000000001,,
AWS,c6g.8xlarge,c6g,c6g.8xlarge,32,64.0,us-east-1,,1.088,0.31592000000000003,,
AWS,c6g.16xlarge,c6g,c6g.16xlarge,64,128.0,us-east-1,,2.176,0.50688,,
AWS,m6in.16xlarge,m6in,m6in.16xlarge,64,256.0,us-east-1,,4.45536,1.97852,,
AWS,r6a.large,r6a,r6a.large,2,16.0,us-east-1,,0.1134,0.030180000000000002,,
AWS,p2.16xlarge,p2,p2.16xlarge,64,732.0,us-east-1,,14.4,11.178425,K80,16.0
AWS,r5dn.2xlarge,r5dn,r5dn.2xlarge,8,64.0,us-east-1,,0.668,0.32186,,
AWS,c6i.metal,c6i,c6i.metal,128,256.0,us-east-1,,5.44,1.4562599999999999,,
AWS,r5d.2xlarge,r5d,r5d.2xlarge,8,64.0,us-east-1,,0.576,0.33544,,
AWS,m7g.large,m7g,m7g.large,2,8.0,us-east-1,,0.0816,0.02892,,
AWS,m7g.xlarge,m7g,m7g.xlarge,4,16.0,us-east-1,,0.1632,0.06044000000000001,,
AWS,m8g.12xlarge,m8g,m8g.12xlarge,48,192.0,us-east-1,,2.15424,0.666625,,
AWS,im4gn.8xlarge,im4gn,im4gn.8xlarge,32,128.0,us-east-1,,2.91034,0.4491,,
AWS,t3a.2xlarge,t3a,t3a.2xlarge,8,32.0,us-east-1,,0.3008,0.12274,,
AWS,r6id.large,r6id,r6id.large,2,16.0,us-east-1,,0.1512,0.051480000000000005,,
AWS,m6g.8xlarge,m6g,m6g.8xlarge,32,128.0,us-east-1,,1.232,0.41125999999999996,,
AWS,m3.large,m3,m3.large,2,7.5,us-east-1,,0.133,0.03795,,
AWS,vt1.6xlarge,vt1,vt1.6xlarge,24,48.0,us-east-1,,1.3,0.44645,,
AWS,i3en.12xlarge,i3en,i3en.12xlarge,48,384.0,us-east-1,,5.424,1.75108,,
AWS,x1.16xlarge,x1,x1.16xlarge,64,976.0,us-east-1,,6.669,1.6665,,
AWS,r6gd.16xlarge,r6gd,r6gd.16xlarge,64,512.0,us-east-1,,3.6864,1.03952,,
AWS,i7ie.48xlarge,i7ie,i7ie.48xlarge,192,1536.0,us-east-1,,24.9504,10.4101,,
AWS,c7a.12xlarge,c7a,c7a.12xlarge,48,96.0,us-east-1,,2.46336,0.7097,,
AWS,m6gd.16xlarge,m6gd,m6gd.16xlarge,64,256.0,us-east-1,,2.8928,0.79694,,
AWS,r5b.8xlarge,r5b,r5b.8xlarge,32,256.0,us-east-1,,2.384,1.1736,,
AWS,r6a.2xlarge,r6a,r6a.2xlarge,8,64.0,us-east-1,,0.4536,0.16486,,
AWS,m1.medium,m1,m1.medium,1,3.69921875,us-east-1,,0.087,0.0241,,
AWS,r7i.metal-48xl,r7i,r7i.metal-48xl,192,1536.0,us-east-1,,12.7008,2.61982,,
AWS,g5.48xlarge,g5,g5.48xlarge,192,768.0,us-east-1,,16.288,3.6032200000000003,A10G,8.0
AWS,c7gn.8xlarge,c7gn,c7gn.8xlarge,32,64.0,us-east-1,,1.9968,0.44406,,
AWS,m5a.24xlarge,m5a,m5a.24xlarge,96,384.0,us-east-1,,4.128,1.38026,,
AWS,m6g.medium,m6g,m6g.medium,1,4.0,us-east-1,,0.0385,0.01588,,
AWS,x2iezn.2xlarge,x2iezn,x2iezn.2xlarge,8,256.0,us-east-1,,1.668,0.5163666666666668,,
AWS,d3en.8xlarge,d3en,d3en.8xlarge,32,128.0,us-east-1,,4.20576,1.308775,,
AWS,c6id.2xlarge,c6id,c6id.2xlarge,8,16.0,us-east-1,,0.4032,0.1723,,
AWS,r4.8xlarge,r4,r4.8xlarge,32,244.0,us-east-1,,2.128,0.7359166666666667,,
AWS,m8g.large,m8g,m8g.large,2,8.0,us-east-1,,0.08976,0.030900000000000004,,
AWS,r6gd.medium,r6gd,r6gd.medium,1,8.0,us-east-1,,0.0576,0.0216,,
AWS,c3.2xlarge,c3,c3.2xlarge,8,15.0,us-east-1,,0.42,0.174875,,
AWS,g4dn.16xlarge,g4dn,g4dn.16xlarge,64,256.0,us-east-1,,4.352,1.35968,T4,1.0
AWS,i3.16xlarge,i3,i3.16xlarge,64,488.0,us-east-1,,4.992,1.6656333333333333,,
AWS,i2.4xlarge,i2,i2.4xlarge,16,122.0,us-east-1,,3.41,0.78964,,
AWS,c7a.4xlarge,c7a,c7a.4xlarge,16,32.0,us-east-1,,0.82112,0.27602,,
AWS,r5ad.4xlarge,r5ad,r5ad.4xlarge,16,128.0,us-east-1,,1.048,0.46412000000000003,,
AWS,r5d.16xlarge,r5d,r5d.16xlarge,64,512.0,us-east-1,,4.608,1.54088,,
AWS,m6g.xlarge,m6g,m6g.xlarge,4,16.0,us-east-1,,0.154,0.04292,,
AWS,m5.2xlarge,m5,m5.2xlarge,8,32.0,us-east-1,,0.384,0.13634,,
AWS,r5ad.8xlarge,r5ad,r5ad.8xlarge,32,256.0,us-east-1,,2.096,0.72272,,
AWS,c6g.xlarge,c6g,c6g.xlarge,4,8.0,us-east-1,,0.136,0.05382,,
AWS,f2.6xlarge,f2,f2.6xlarge,24,256.0,us-east-1,,1.98,,,
AWS,d2.4xlarge,d2,d2.4xlarge,16,122.0,us-east-1,,2.76,0.5759,,
AWS,m6idn.8xlarge,m6idn,m6idn.8xlarge,32,128.0,us-east-1,,2.54592,1.07172,,
AWS,c6gn.2xlarge,c6gn,c6gn.2xlarge,8,16.0,us-east-1,,0.3456,0.10454,,
AWS,h1.8xlarge,h1,h1.8xlarge,32,128.0,us-east-1,,1.872,0.647425,,
AWS,r8g.8xlarge,r8g,r8g.8xlarge,32,256.0,us-east-1,,1.88512,0.48656,,
AWS,m6id.12xlarge,m6id,m6id.12xlarge,48,192.0,us-east-1,,2.8476,0.66886,,
AWS,c6id.metal,c6id,c6id.metal,128,256.0,us-east-1,,6.4512,1.6802799999999998,,
AWS,m6in.metal,m6in,m6in.metal,128,512.0,us-east-1,,8.91072,3.3382199999999997,,
AWS,r6g.4xlarge,r6g,r6g.4xlarge,16,128.0,us-east-1,,0.8064,0.2705,,
AWS,c7gd.medium,c7gd,c7gd.medium,1,2.0,us-east-1,,0.0454,0.018080000000000002,,
AWS,m6g.16xlarge,m6g,m6g.16xlarge,64,256.0,us-east-1,,2.464,0.60458,,
AWS,g5.8xlarge,g5,g5.8xlarge,32,128.0,us-east-1,,2.448,0.8686999999999999,A10G,1.0
AWS,c6a.16xlarge,c6a,c6a.16xlarge,64,128.0,us-east-1,,2.448,0.8359,,
AWS,r7a.4xlarge,r7a,r7a.4xlarge,16,128.0,us-east-1,,1.2172,0.50502,,
